,,Lowerbody:LIAS,,,Lowerbody:RIAS,,,Lowerbody:LIPS,,,Lowerbody:RIPS,,,Lowerbody:LFLE,,,Lowerbody:LFAL,,,Lowerbody:LFCC,,,Lowerbody:RFLE,,,Lowerbody:RFAL,,,Lowerbody:RFCC,,,Lowerbody:LFME,,,Lowerbody:LTAM,,,Lowerbody:LFM5,,,Lowerbody:LFM1,,,Lowerbody:RFM5,,,Lowerbody:RFM1,,,Lowerbody:RTAM,,,Lowerbody:RFME,,
1,0,231.353134,-195.765091,940.012695,242.123413,54.393089,937.043152,412.209686,-97.927711,944.699036,414.546509,-45.949959,944.702148,285.804474,-233.71907,481.800232,380.948395,-285.450684,95.60807,413.313293,-244.88887,67.193291,284.355896,88.595123,481.975861,386.744629,143.708466,100.470139,417.761261,98.294571,66.12162,293.816193,-138.684387,465.146515,352.664948,-210.336334,97.590797,253.343231,-311.337158,48.784801,226.554962,-244.428192,58.8871,257.319763,167.420868,51.835392,229.328964,99.513275,59.849705,359.661346,68.481255,100.78743,293.376801,-1.689985,470.60495
2,0,231.260513,-195.745377,940.012146,242.125641,54.371777,937.051147,412.173096,-97.982635,944.686035,414.382446,-46.006977,944.58783,285.433136,-233.684174,481.750061,380.867462,-285.489868,95.613846,413.322601,-244.905777,67.196693,283.8573,88.772545,481.997955,386.722198,143.71022,100.490944,417.765411,98.269028,66.150772,293.443756,-138.88295,465.136749,352.58493,-210.346451,97.557655,253.316818,-311.330505,48.801167,226.544739,-244.401794,58.860229,257.308136,167.419617,51.826904,229.357285,99.511772,59.836121,359.642761,68.432411,100.812599,293.114777,-1.718515,470.582642
3,0,231.17041,-195.764404,939.998413,242.096512,54.340618,937.054016,412.097534,-98.063339,944.688171,414.456909,-46.081585,944.622131,284.988739,-233.656662,481.672821,380.842621,-285.488281,95.620598,413.304657,-244.913284,67.202263,283.546204,88.741798,481.962585,386.689514,143.680862,100.495743,417.750641,98.244461,66.157066,292.914246,-138.780518,465.027496,352.600311,-210.274307,97.573586,253.310471,-311.340912,48.808502,226.524612,-244.381714,58.840157,257.306976,167.411621,51.829865,229.331314,99.527679,59.843506,359.588684,68.401054,100.805237,292.811096,-1.772897,470.561188
4,0,231.098236,-195.744995,939.991028,242.097519,54.351562,937.061279,411.979187,-98.244812,944.476013,414.351746,-46.17524,944.500916,284.524963,-233.666977,481.64566,380.801422,-285.452179,95.594551,413.272003,-244.923111,67.231827,283.187897,88.693489,481.9245,386.692535,143.642715,100.521858,417.713623,98.217537,66.152435,292.087891,-138.367722,464.923981,352.529175,-210.260895,97.516861,253.403992,-311.396912,48.851643,226.51091,-244.36142,58.834312,257.331207,167.433136,51.826527,229.317245,99.54493,59.839497,359.562897,68.383522,100.780067,292.491333,-1.812365,470.518616
5,0,230.999939,-195.732742,939.989685,242.109116,54.338402,937.090393,411.960876,-98.274986,944.549805,414.243713,-46.272831,944.45459,284.063141,-233.641144,481.602905,380.726318,-285.467163,95.598961,413.284454,-244.908997,67.279091,282.797791,88.635765,481.881195,386.665863,143.624329,100.527161,417.703339,98.173523,66.192719,291.883423,-138.654572,464.929382,352.51123,-210.248703,97.511726,253.472214,-311.420166,48.872231,226.496353,-244.340393,58.817387,257.319427,167.419403,51.816212,229.31218,99.560257,59.841476,359.585419,68.355988,100.77729,292.0961,-1.854944,470.523895
6,0,230.91217,-195.698944,940.001892,242.126373,54.328781,937.083923,411.943909,-98.3368,944.469238,414.236786,-46.241661,944.553589,283.611298,-233.61499,481.55661,380.66629,-285.447815,95.60363,413.245789,-244.917786,67.248917,282.370819,88.609406,481.853577,386.622101,143.608704,100.568314,417.721985,98.162949,66.261467,291.338867,-138.633377,464.862061,352.486633,-210.181671,97.51162,253.468307,-311.395447,48.890869,226.485626,-244.310287,58.810043,257.311432,167.433609,51.84668,229.268311,99.574677,59.869865,359.521271,68.300529,100.768654,291.664124,-1.870776,470.48761
7,0,230.845718,-195.687683,940.003784,242.152664,54.338985,937.088562,411.90683,-98.499771,944.37146,414.228455,-46.422405,944.386108,283.129791,-233.580444,481.461304,380.637817,-285.416931,95.650887,413.276154,-244.886734,67.348961,281.94928,88.559341,481.796051,386.580811,143.580719,100.577538,417.706573,98.12384,66.223709,290.868744,-138.611847,464.810059,352.440063,-210.184006,97.492134,253.441788,-311.392975,48.8983,226.458847,-244.28334,58.791351,257.302399,167.438828,51.828888,229.281891,99.590332,59.883389,359.48645,68.270058,100.746819,291.181946,-1.927553,470.469177
8,0,230.721954,-195.677139,939.987915,242.173141,54.302704,937.081726,411.817108,-98.615707,944.366516,414.163391,-46.429115,944.472778,282.695709,-233.587738,481.38147,380.576324,-285.393768,95.647652,413.230133,-244.886108,67.332901,281.52063,88.480736,481.752563,386.539093,143.557297,100.608292,417.718933,98.117699,66.251366,290.424652,-138.679016,464.716705,352.369751,-210.16925,97.436493,253.412155,-311.385956,48.899582,226.452927,-244.276993,58.787701,257.296143,167.429962,51.832985,229.261032,99.597496,59.866615,359.419403,68.22094,100.739906,290.6492,-1.962411,470.449493
9,0,230.640457,-195.676666,939.986267,242.188568,54.319412,937.093872,411.747131,-98.74015,944.316345,414.132751,-46.62001,944.335999,282.294495,-233.556839,481.309357,380.558319,-285.378571,95.6409,413.222687,-244.871292,67.354012,281.064209,88.374481,481.704865,386.482086,143.513733,100.628334,417.673401,98.052818,66.248238,290.028809,-138.638031,464.6716,352.362213,-210.092667,97.466057,253.44426,-311.390045,48.900669,226.436783,-244.264862,58.78521,257.293793,167.432541,51.858807,229.270325,99.597633,59.872791,359.372467,68.17627,100.712967,290.139313,-2.014064,470.376923
10,0,230.543961,-195.694672,940.002747,242.216278,54.28043,937.097778,411.699677,-98.857735,944.400146,414.122253,-46.728703,944.299133,281.889862,-233.554321,481.253204,380.496979,-285.392242,95.658173,413.213623,-244.860138,67.438667,280.72937,88.081673,481.605988,386.438446,143.507797,100.656189,417.673279,98.012863,66.276428,289.803955,-138.708466,464.626129,352.342926,-210.071381,97.461494,253.430313,-311.351593,48.896675,226.431458,-244.241272,58.777683,257.324768,167.416336,51.837109,229.24437,99.58947,59.876469,359.392822,68.144913,100.733589,289.555908,-2.02178,470.359039
11,0,230.428635,-195.706497,939.982788,242.217819,54.237602,937.086426,411.670135,-98.987869,944.242126,414.136078,-46.819908,944.30365,281.471832,-233.564819,481.233887,380.436859,-285.401672,95.655548,413.155273,-244.853561,67.432549,280.29184,88.013573,481.564423,386.398407,143.474945,100.687965,417.686035,98.014915,66.320229,289.36026,-138.536194,464.640228,352.273651,-210.031952,97.434334,253.433502,-311.367035,48.921139,226.412766,-244.244034,58.777912,257.293304,167.416748,51.866135,229.234039,99.612465,59.890736,359.39917,68.104538,100.74617,288.974884,-2.04267,470.321259
12,0,230.371246,-195.701019,939.952271,242.229904,54.222786,937.07373,411.623657,-99.094391,944.285156,414.062408,-46.862904,944.355591,281.177917,-233.568115,481.190491,380.40213,-285.402649,95.662491,413.176605,-244.864502,67.436829,279.761383,88.146706,481.551331,386.32843,143.446075,100.711281,417.661133,97.978867,66.382698,289.021332,-138.589355,464.629303,352.286255,-209.988937,97.464592,253.416962,-311.350708,48.940529,226.411484,-244.226227,58.76627,257.275482,167.421539,51.868076,229.188477,99.609299,59.899307,359.355194,68.04631,100.737785,288.504639,-2.11768,470.26825
13,0,230.248932,-195.701202,939.937622,242.226334,54.244308,937.080017,411.474335,-99.295311,944.233276,414.043365,-46.979801,944.296753,280.877136,-233.599655,481.150543,380.379669,-285.40625,95.647652,413.144287,-244.878906,67.457237,279.357666,88.056671,481.512634,386.292145,143.395645,100.732437,417.61145,97.942719,66.427841,288.727142,-138.779816,464.61673,352.290314,-210.032867,97.483963,253.406769,-311.389923,48.928371,226.393295,-244.24231,58.767216,257.286011,167.411484,51.86137,229.170059,99.606133,59.896992,359.227295,67.954193,100.679291,288.100555,-2.153822,470.197327
14,0,230.14212,-195.690033,939.911804,242.264816,54.169144,937.077698,411.373383,-99.431534,944.1297,413.976929,-47.151917,944.143127,280.629944,-233.640045,481.116119,380.361755,-285.463226,95.598991,413.150452,-244.903931,67.442467,278.976593,88.008186,481.473938,386.241272,143.350449,100.756218,417.617004,97.908768,66.425201,288.471039,-138.810043,464.559753,352.245056,-210.049393,97.510201,253.420914,-311.41098,48.910381,226.423386,-244.246765,58.761028,257.277466,167.400864,51.876038,229.147751,99.609924,59.891159,359.193359,67.934029,100.651886,287.651611,-2.22517,470.186981
15,0,230.047989,-195.69455,939.899963,242.24649,54.241489,937.077148,411.341309,-99.560287,944.242676,413.963531,-47.237869,944.173035,280.350159,-233.698044,481.091003,380.39975,-285.44986,95.63726,413.157013,-244.913177,67.505394,278.666779,87.913681,481.436432,386.212891,143.321564,100.782547,417.592346,97.843391,66.440735,288.264832,-138.831665,464.549652,352.249603,-210.075714,97.500252,253.418686,-311.411591,48.875931,226.416367,-244.27211,58.773926,257.261261,167.38974,51.869942,229.128983,99.620178,59.889343,359.160217,67.893913,100.647125,287.273346,-2.276978,470.148529
16,0,229.985077,-195.672684,939.875549,242.236038,54.213959,937.076538,411.159912,-99.708923,944.080627,413.931915,-47.289597,944.187073,280.101471,-233.764435,481.077393,380.351379,-285.485077,95.636932,413.123779,-244.943558,67.532631,278.327332,87.93544,481.398956,386.182129,143.27887,100.810219,417.597595,97.795296,66.505409,287.999176,-138.881622,464.508514,352.174377,-210.06633,97.520897,253.426193,-311.447052,48.879475,226.411713,-244.303543,58.788891,257.275574,167.413239,51.890385,229.118408,99.626015,59.89056,359.146606,67.857162,100.654541,286.940125,-2.305157,470.128235
17,0,229.883347,-195.683807,939.875183,242.270432,54.136635,937.051208,411.15213,-99.797585,944.114563,413.89978,-47.350838,944.146606,279.906433,-233.822479,481.057617,380.333771,-285.518311,95.626335,413.150757,-244.925308,67.571907,278.063324,87.916939,481.377502,386.169281,143.246597,100.825851,417.554871,97.764366,66.514809,287.707001,-138.906158,464.500061,352.155365,-210.119049,97.553612,253.421066,-311.469116,48.887157,226.427826,-244.328659,58.788754,257.270874,167.400681,51.882965,229.078583,99.653404,59.896393,359.028107,67.825203,100.607918,286.659515,-2.319657,470.126465
18,0,229.847885,-195.709839,939.843689,242.257202,54.18066,937.053467,411.076874,-99.861382,943.989136,413.871124,-47.403236,944.132446,279.670258,-233.887543,481.041779,380.362732,-285.54834,95.678169,413.109802,-245.08255,67.518951,277.808868,87.920006,481.325226,386.141022,143.242279,100.834145,417.587799,97.727646,66.52626,287.404633,-138.966125,464.488007,352.126953,-210.108734,97.531746,253.421692,-311.508453,48.854488,226.414352,-244.347992,58.782669,257.285278,167.414429,51.883175,229.092422,99.674385,59.905003,359.044464,67.816933,100.631874,286.361145,-2.353321,470.143433
19,0,229.763321,-195.73439,939.815552,242.259674,54.146538,937.041382,411.140839,-99.913002,944.032166,413.849335,-47.447426,944.125977,279.493164,-233.942703,480.99646,380.358185,-285.553772,95.629494,413.137421,-245.078323,67.547844,277.593658,87.91658,481.288666,386.138184,143.219925,100.851143,417.573364,97.71357,66.546402,287.065491,-139.02504,464.467773,352.120911,-210.14769,97.508804,253.42363,-311.490509,48.82423,226.441177,-244.360611,58.7868,257.262177,167.418579,51.885792,229.087204,99.684906,59.921181,358.986237,67.8293,100.581436,286.128448,-2.385872,470.129578
20,0,229.738663,-195.7659,939.794312,242.283813,54.080708,937.016113,411.010529,-99.980194,944.062073,413.802948,-47.547813,944.016174,279.261719,-233.965881,480.969727,380.328003,-285.579102,95.611382,413.135803,-245.096893,67.573456,277.381226,87.925743,481.279144,386.111542,143.238556,100.865646,417.574829,97.678764,66.547523,286.840973,-139.017334,464.479645,352.06601,-210.167847,97.525711,253.411209,-311.50296,48.823929,226.457932,-244.383545,58.789684,257.286865,167.424042,51.877159,229.069748,99.687347,59.931305,358.967285,67.802254,100.644165,285.854614,-2.365165,470.093719
21,0,229.737518,-195.809387,939.773621,242.292358,54.006077,936.950867,411.002655,-100.044083,944.077087,413.814697,-47.516285,944.11145,278.993927,-234.044342,480.941833,380.338013,-285.55957,95.616501,413.102814,-245.084091,67.547897,277.128754,87.938919,481.242493,386.112946,143.241135,100.867035,417.569214,97.668114,66.556793,286.55188,-139.022034,464.434875,352.005035,-210.174423,97.492928,253.445679,-311.530304,48.83334,226.446701,-244.382492,58.80611,257.278717,167.411407,51.855453,229.07074,99.69577,59.943466,358.900513,67.797699,100.584892,285.609924,-2.34933,470.056946
22,0,229.747589,-195.876572,939.741821,242.294266,53.946278,936.906006,411.090942,-100.068153,944.160339,413.823517,-47.52784,944.127197,278.696228,-234.10994,480.913513,380.304535,-285.594696,95.600967,413.133636,-245.100586,67.551811,276.892029,87.945084,481.199524,386.100555,143.257309,100.867638,417.577393,97.705994,66.614082,286.219147,-138.994629,464.417053,351.968048,-210.164108,97.482445,253.436264,-311.50531,48.825993,226.465958,-244.407608,58.818516,257.273529,167.452789,51.87809,229.067459,99.738274,59.949524,358.960541,67.820869,100.591759,285.31366,-2.362249,470.02121
23,0,229.821808,-195.955704,939.703735,242.338226,53.864662,936.869507,411.291473,-100.03936,944.277405,413.839996,-47.585415,944.097046,278.416626,-234.157059,480.851471,380.302124,-285.625824,95.613281,413.115601,-245.103851,67.589348,276.637695,87.953842,481.157471,386.08194,143.290451,100.887352,417.567291,97.712296,66.614944,285.891571,-139.016159,464.379944,351.956696,-210.173019,97.491135,253.452606,-311.538025,48.825634,226.466919,-244.407578,58.805664,257.273987,167.423889,51.854786,229.078629,99.729561,59.948029,358.848969,67.799599,100.552025,284.987488,-2.364732,469.997467
24,0,229.928375,-196.022324,939.655334,242.393799,53.76754,936.793701,411.309845,-100.148811,944.303528,413.887421,-47.598217,944.148987,278.075317,-234.18924,480.829498,380.244232,-285.649109,95.593559,413.132263,-245.091904,67.544144,276.379059,87.946022,481.115845,386.042389,143.297165,100.887306,417.564941,97.697388,66.61348,285.521545,-138.992554,464.344147,351.928772,-210.174225,97.429565,253.451645,-311.528198,48.807499,226.477844,-244.415222,58.792511,257.311005,167.427139,51.862144,229.06575,99.735878,59.960541,358.88324,67.823631,100.577248,284.712646,-2.393139,469.949799
25,0,230.03772,-196.105011,939.599426,242.473511,53.685085,936.750305,411.316132,-100.251457,944.325806,413.957458,-47.654785,944.1427,277.640076,-234.240601,480.777527,380.20993,-285.656494,95.616333,413.123199,-245.095108,67.573685,276.0625,87.899651,481.085785,386.025696,143.29747,100.89193,417.5867,97.685883,66.542046,285.013,-138.985687,464.263977,351.833893,-210.14917,97.412552,253.486694,-311.548706,48.805683,226.48494,-244.415619,58.805153,257.281921,167.432938,51.875557,229.092255,99.738037,59.962513,358.786224,67.797935,100.518135,284.416382,-2.433114,469.935333
26,0,230.18074,-196.173477,939.54895,242.56073,53.597176,936.685425,411.546387,-100.265694,944.415588,414.053741,-47.653797,944.239746,277.206329,-234.272812,480.704895,380.181946,-285.643494,95.582031,413.109344,-245.067596,67.611237,275.749268,87.794106,481.031647,386.003937,143.292297,100.894836,417.610809,97.678932,66.597816,284.49176,-138.984909,464.240265,351.753784,-210.126999,97.356339,253.45549,-311.526886,48.826912,226.462463,-244.420044,58.81786,257.283051,167.406693,51.883617,229.079315,99.734787,59.970909,358.75235,67.786697,100.538071,284.065918,-2.460231,469.867798
27,0,230.344513,-196.254211,939.502869,242.698181,53.48354,936.6073,411.694733,-100.324371,944.542908,414.175171,-47.669277,944.251221,276.716797,-234.3172,480.632141,380.145447,-285.650909,95.589149,413.116577,-245.049576,67.612572,275.381836,87.754631,480.966125,385.973358,143.304138,100.894463,417.556,97.6819,66.580894,283.929749,-139.021652,464.176758,351.708954,-210.139908,97.306503,253.450806,-311.505127,48.825241,226.473572,-244.430069,58.806,257.286163,167.422928,51.870388,229.143173,99.788857,59.977089,358.763245,67.772957,100.475616,283.658234,-2.574111,469.835175
28,0,230.564194,-196.336426,939.429749,242.865585,53.41357,936.520142,411.901489,-100.368546,944.589172,414.302338,-47.718037,944.256592,276.158356,-234.32959,480.524506,380.099091,-285.677521,95.564209,413.050598,-245.076279,67.591911,275.208466,87.492142,480.85788,385.970886,143.288605,100.903595,417.602325,97.671936,66.607834,283.359863,-139.063583,464.113739,351.626892,-210.115555,97.2845,253.439789,-311.52774,48.82597,226.456223,-244.439056,58.825096,257.266724,167.429443,51.866238,229.131226,99.780449,59.988605,358.699036,67.753647,100.463692,283.251282,-2.64828,469.78894
29,0,230.783508,-196.440247,939.381104,243.05983,53.28727,936.439331,412.101868,-100.384132,944.679993,414.454712,-47.74305,944.315369,275.60379,-234.39502,480.446594,380.044922,-285.702332,95.529106,413.038116,-245.037399,67.636452,274.593323,87.54982,480.844025,385.949036,143.300858,100.906853,417.640411,97.669098,66.669334,282.829407,-139.263794,464.001953,351.60025,-210.102417,97.302383,253.434982,-311.499695,48.81781,226.469086,-244.432129,58.80584,257.304993,167.414948,51.875839,229.125153,99.774879,59.994377,358.652771,67.750328,100.418732,282.824463,-2.746245,469.770538
30,0,230.985519,-196.519409,939.309631,243.28688,53.126427,936.366577,412.374817,-100.409492,944.695312,414.643768,-47.789143,944.320679,275.010162,-234.460876,480.353912,379.961395,-285.664551,95.56411,413.074493,-245.005066,67.637985,274.075562,87.481361,480.790192,385.920258,143.317215,100.911476,417.582733,97.648636,66.625122,282.086456,-139.109558,463.900085,351.526215,-210.08313,97.214561,253.43486,-311.53299,48.827965,226.486328,-244.453308,58.817852,257.313202,167.412613,51.886028,229.145309,99.773163,59.995071,358.618835,67.792839,100.39978,282.351715,-2.803803,469.73996
31,0,231.234573,-196.572937,939.197693,243.533096,52.995865,936.275085,412.563477,-100.475815,944.685974,414.833832,-47.870846,944.246155,274.419006,-234.527466,480.278137,379.929718,-285.648926,95.560585,413.053406,-244.894852,67.607132,273.553619,87.382095,480.72345,385.875824,143.330994,100.910538,417.632507,97.657341,66.668991,281.372101,-139.166397,463.814484,351.425995,-210.070282,97.13839,253.433945,-311.508484,48.841892,226.479782,-244.46225,58.827904,257.309052,167.385635,51.89954,229.145432,99.778603,60.007248,358.446808,67.790466,100.306396,281.803955,-2.842261,469.720856
32,0,231.485092,-196.649063,939.140015,243.797379,52.894043,936.188538,412.846924,-100.492889,944.769836,415.122284,-47.897633,944.2724,273.872498,-234.599258,480.17511,379.912689,-285.637543,95.556755,413.068787,-244.964462,67.62925,273.169189,86.880005,480.557556,385.853424,143.339447,100.908318,417.600525,97.663666,66.645042,280.631134,-139.192566,463.720917,351.448364,-210.0159,97.171623,253.470062,-311.545715,48.844456,226.463562,-244.44989,58.819836,257.319916,167.369751,51.895355,229.130325,99.755371,60.006538,358.431458,67.752045,100.249023,281.213623,-2.85933,469.650787
33,0,231.766418,-196.666107,939.059875,244.043701,52.841103,936.113708,413.137085,-100.532104,944.794495,415.348053,-47.89473,944.364136,273.253265,-234.697876,480.061951,379.879761,-285.664978,95.550217,412.972198,-244.974838,67.642685,272.384247,86.996407,480.529144,385.797211,143.347931,100.890404,417.545105,97.653908,66.581581,280.029022,-139.410431,463.655609,351.330353,-209.991135,97.087158,253.464676,-311.517029,48.845009,226.476578,-244.467758,58.820133,257.286743,167.342331,51.920761,229.138504,99.758476,60.00563,358.345093,67.738907,100.216789,280.608185,-2.939852,469.656586
34,0,232.065704,-196.735519,938.951233,244.351944,52.666607,935.995667,413.461029,-100.549995,944.790649,415.579407,-47.961052,944.367004,272.610596,-234.808365,479.949249,379.849548,-285.685944,95.532455,413.032959,-244.936493,67.674393,271.619537,86.941879,480.402405,385.781097,143.359314,100.899918,417.589081,97.640106,66.587631,279.122253,-139.256714,463.620117,351.238068,-210.00943,97.040932,253.487442,-311.533722,48.834957,226.490891,-244.457443,58.81509,257.311981,167.325241,51.925076,229.145584,99.735764,60.004982,358.2771,67.692978,100.177444,279.886108,-2.951825,469.579681
35,0,232.3862,-196.833069,938.831665,244.644165,52.597801,935.905029,413.758362,-100.597107,944.84491,415.849365,-48.012199,944.37146,271.971771,-234.888947,479.777496,379.737244,-285.708069,95.527725,413.027649,-244.852173,67.685402,270.661346,87.131912,480.32077,385.719116,143.380005,100.904114,417.572052,97.653961,66.576714,278.307922,-139.087021,463.526947,351.204468,-209.968506,97.010132,253.448273,-311.502563,48.81385,226.492828,-244.458832,58.809391,257.311218,167.315704,51.926842,229.127045,99.701195,59.99398,358.255188,67.703667,100.075294,279.072052,-3.011387,469.498566
36,0,232.719055,-196.864182,938.70813,244.932755,52.622326,935.762634,414.082977,-100.671501,944.832458,416.174286,-48.06406,944.388489,271.160767,-234.923599,479.678864,379.718781,-285.665649,95.506081,413.005676,-244.907303,67.684448,269.798035,87.037292,480.196381,385.665466,143.386719,100.908615,417.61026,97.681244,66.626419,277.478241,-139.10614,463.466919,351.146362,-209.991409,96.923386,253.476822,-311.513977,48.838268,226.495102,-244.44342,58.807098,257.307007,167.287003,51.94273,229.126755,99.686356,60.004906,358.202332,67.650978,100.050262,278.256378,-3.073596,469.370453
37,0,233.140366,-196.922913,938.531128,245.257355,52.523338,935.634094,414.432159,-100.700081,944.931091,416.517151,-48.075775,944.401733,270.322937,-234.968597,479.522064,379.599731,-285.718964,95.503235,412.953949,-244.909836,67.686653,268.754242,86.961899,480.025391,385.587646,143.384644,100.922333,417.652344,97.697884,66.604706,276.691315,-139.078461,463.363556,351.054199,-209.893753,96.885612,253.444946,-311.493286,48.864681,226.486755,-244.434448,58.806175,257.311584,167.280655,51.977966,229.12883,99.661217,59.993454,358.108398,67.612885,99.982216,277.385529,-3.199797,469.335815
38,0,233.552032,-196.989029,938.364136,245.633072,52.484219,935.460815,414.773956,-100.767982,944.904297,416.736786,-48.186394,944.431213,269.424957,-235.022461,479.356781,379.494354,-285.731476,95.49778,412.939606,-244.902878,67.718719,267.944214,86.729797,479.78595,385.490051,143.384644,100.936249,417.613251,97.64856,66.660194,275.783295,-139.041733,463.234833,351.019989,-209.846863,96.868134,253.453735,-311.473694,48.867153,226.475861,-244.405029,58.786381,257.292938,167.240982,51.972343,229.104202,99.617737,59.97403,358.026367,67.549393,99.909439,276.462097,-3.244272,469.291626
39,0,233.983063,-197.051453,938.198364,245.996796,52.414955,935.294312,415.099365,-100.81176,944.941589,417.145538,-48.160461,944.431335,268.510559,-235.077789,479.192078,379.468658,-285.720001,95.458817,412.938232,-244.897522,67.727821,266.619293,86.848763,479.667114,385.385712,143.397217,100.951195,417.601929,97.601715,66.665512,274.850983,-138.985703,463.070465,350.964783,-209.766724,96.791359,253.460861,-311.454254,48.878201,226.484009,-244.378067,58.772408,257.298706,167.232635,51.965759,229.085678,99.603394,59.957844,357.964478,67.496384,99.827217,275.545685,-3.30724,469.181366
40,0,234.440018,-197.098724,937.992065,246.337631,52.43679,935.097107,415.418274,-100.917503,944.823303,417.50528,-48.183849,944.416626,267.478577,-235.137634,479.002411,379.360291,-285.701111,95.480896,412.93866,-244.850952,67.787178,265.499756,86.714836,479.485901,385.266357,143.379608,100.973106,417.580536,97.576431,66.661316,273.91745,-139.061523,462.88913,350.867676,-209.714081,96.749649,253.468719,-311.433838,48.888981,226.465897,-244.339264,58.766541,257.274628,167.207275,51.998135,229.04393,99.553726,59.955589,357.845093,67.441864,99.779732,274.373657,-3.431341,469.086334
41,0,234.949997,-197.153137,937.796387,246.810333,52.316208,934.836487,415.873169,-100.935997,944.922119,418.020142,-48.146656,944.348755,266.437286,-235.169052,478.785156,379.266296,-285.679688,95.469215,412.891907,-244.80864,67.786255,264.407471,86.595894,479.307861,385.163116,143.376144,100.995796,417.590424,97.610001,66.723228,272.976776,-139.211075,462.794617,350.756073,-209.605194,96.694,253.460709,-311.422089,48.929295,226.453537,-244.31015,58.767529,257.256561,167.179153,52.016464,229.000122,99.516739,59.9487,357.758057,67.376862,99.749794,273.251801,-3.542175,468.932404
42,0,235.487793,-197.226547,937.588318,247.225922,52.207302,934.602722,416.197388,-101.012207,944.859741,418.535339,-48.015694,944.371887,265.432404,-235.252625,478.5849,379.238037,-285.649567,95.474892,412.866638,-244.772156,67.83387,263.38089,86.279976,479.060486,385.058685,143.357666,100.987518,417.60144,97.594185,66.78376,271.784363,-138.918121,462.689545,350.699585,-209.578537,96.610901,253.42897,-311.364197,48.929035,226.446701,-244.282288,58.763947,257.255737,167.148407,52.040668,228.996033,99.495995,59.932079,357.655121,67.32859,99.669487,272.151733,-3.612016,468.777588
43,0,236.067825,-197.240463,937.414429,247.635361,52.087494,934.380554,416.603943,-101.035461,944.787415,418.987488,-48.049637,944.185364,264.365356,-235.347275,478.38092,379.151093,-285.679016,95.470894,412.847778,-244.76506,67.880112,262.177185,86.330681,478.873932,384.956329,143.329498,101.004089,417.496979,97.508156,66.745323,270.694916,-138.916229,462.569977,350.604919,-209.511749,96.589165,253.430939,-311.350922,48.927567,226.440079,-244.264282,58.742096,257.231689,167.130234,52.042706,228.991806,99.457962,59.914032,357.608856,67.261261,99.606598,271.131042,-3.579055,468.638733
44,0,236.665604,-197.368301,937.144836,248.066193,52.017792,934.132385,417.205597,-101.00238,944.803894,419.550201,-47.97435,944.161987,263.221558,-235.458679,478.168549,379.062805,-285.692871,95.477898,412.831726,-244.750671,67.896721,260.972046,86.392311,478.690033,384.860504,143.325012,101.033455,417.446045,97.485992,66.72908,269.671997,-138.975815,462.378662,350.396667,-209.580505,96.533615,253.440079,-311.344299,48.911793,226.454605,-244.258469,58.730362,257.243713,167.119202,52.050823,229.024475,99.470833,59.954849,357.501862,67.185005,99.514748,269.860901,-3.615627,468.485779
45,0,237.305542,-197.437653,936.910034,248.541046,51.903004,933.875,417.712677,-101.011665,944.724915,419.875458,-47.96233,944.061707,262.108337,-235.611908,477.915771,378.995697,-285.709869,95.441498,412.826477,-244.72821,67.915825,259.870667,86.499962,478.46994,384.791626,143.324951,101.036278,417.478485,97.464951,66.762512,268.560425,-138.974518,462.168793,350.360718,-209.404877,96.474693,253.43544,-311.314178,48.933792,226.445862,-244.23996,58.722839,257.214294,167.112991,52.075905,229.039322,99.463577,59.940105,357.458405,67.144371,99.468597,268.692291,-3.641729,468.336273
46,0,237.943848,-197.533691,936.62738,249.101364,51.605457,933.578064,418.329407,-100.977692,944.722107,420.496582,-47.974091,943.853943,260.905396,-235.776154,477.670227,378.883118,-285.702759,95.428513,412.781403,-244.680023,67.951111,258.564667,86.651703,478.32135,384.690979,143.311401,101.044243,417.41452,97.409744,66.820633,267.438721,-139.183792,462.003174,350.16748,-209.358521,96.442352,253.412308,-311.310883,48.944649,226.420105,-244.210495,58.721653,257.215302,167.092407,52.069168,229.023346,99.447723,59.948189,357.37085,67.092979,99.392693,267.445648,-3.620816,468.225647
47,0,238.612549,-197.637177,936.304321,249.582672,51.564713,933.286133,419.027557,-100.888237,944.489563,420.958221,-47.922131,943.792847,259.770905,-235.884979,477.415466,378.813873,-285.698944,95.438393,412.687958,-244.681107,67.974861,257.376099,86.752472,478.089294,384.596069,143.29538,101.052124,417.320435,97.396927,66.653824,266.163269,-139.219208,461.839325,350.184479,-209.299591,96.306839,253.420319,-311.295197,48.967926,226.424683,-244.192505,58.717628,257.198975,167.089584,52.096268,229.016418,99.439217,59.942772,357.296631,67.021561,99.338478,266.340332,-3.505661,468.118774
48,0,239.324173,-197.728729,935.942566,250.121658,51.504791,932.925598,419.626953,-100.845467,944.33844,421.479065,-47.910458,943.662598,258.639374,-236.017685,477.078217,378.712067,-285.713043,95.412537,412.710693,-244.659454,68.016876,256.223938,86.809616,477.832275,384.517517,143.286713,101.05294,417.256653,97.376556,66.724243,264.906189,-139.304901,461.642853,350.08371,-209.257523,96.269211,253.371887,-311.277405,48.971874,226.411469,-244.169418,58.670628,257.19635,167.057724,52.106403,229.018295,99.41642,59.927143,357.22757,66.96727,99.266182,265.186096,-3.405945,467.937683
49,0,240.022842,-197.826279,935.538147,250.682922,51.383739,932.549377,420.230988,-100.849258,944.184326,422.03775,-47.909691,943.527405,257.314209,-236.242188,476.803009,378.605347,-285.713348,95.443336,412.664032,-244.610779,68.022682,254.900543,87.005928,477.561432,384.402863,143.273346,101.056747,417.246643,97.305122,66.691437,263.584198,-139.388016,461.459534,349.999298,-209.183182,96.178627,253.383362,-311.28418,48.96701,226.361984,-244.159027,58.681801,257.210968,167.044525,52.112106,229.015305,99.381523,59.898788,357.153778,66.91655,99.179794,263.786285,-3.319621,467.849487
50,0,240.827957,-197.912201,935.115356,251.193848,51.415817,932.1922,420.849213,-100.803497,944.168762,422.567383,-47.900059,943.358337,256.112946,-236.373398,476.491638,378.416992,-285.668152,95.381035,412.592255,-244.584122,68.080971,253.79631,87.08931,477.278137,384.297821,143.295166,101.078087,417.178467,97.326256,66.707764,262.192657,-139.362488,461.223389,349.910095,-209.13269,96.168121,253.370407,-311.248779,48.989433,226.348145,-244.127701,58.660652,257.199585,167.032211,52.096474,229.006439,99.383766,59.91465,357.08255,66.872406,99.097206,262.249481,-3.310673,467.703552
51,0,241.553589,-198.046753,934.691406,251.732529,51.411362,931.753784,421.367371,-100.867279,943.983826,423.196014,-47.825043,943.265259,254.907608,-236.582367,476.232269,378.287964,-285.663116,95.418152,412.573578,-244.522095,68.108994,252.340073,87.433975,477.085876,384.209106,143.314224,101.058487,417.222595,97.332832,66.749763,260.945068,-139.466888,460.985138,349.810303,-209.059006,96.054832,253.353241,-311.214539,48.978168,226.341522,-244.092087,58.635925,257.184967,167.047806,52.122822,229.016541,99.407005,59.926914,357.00708,66.852821,99.061615,260.973694,-3.059159,467.549774
52,0,242.284958,-198.159744,934.255188,252.302551,51.345436,931.282898,422.069244,-100.841339,943.941101,423.717041,-47.790051,943.218262,253.912125,-236.718262,475.94989,378.206116,-285.594818,95.421707,412.521088,-244.49382,68.111893,251.002457,87.618828,476.792755,384.084106,143.350937,101.043404,417.192383,97.339111,66.770889,259.703644,-139.672668,460.805786,349.732635,-209.014389,95.998726,253.368729,-311.231812,48.995411,226.298615,-244.07373,58.63274,257.190063,167.041397,52.127235,228.987946,99.358566,59.924625,356.944336,66.806923,99.00592,259.754791,-2.790385,467.254913
53,0,242.995682,-198.240768,933.788574,252.875839,51.236378,930.721313,422.579865,-100.863586,943.689941,424.398529,-47.630623,943.042053,252.886887,-236.942764,475.641632,378.096954,-285.634888,95.398727,412.487427,-244.480728,68.141106,249.585724,87.815674,476.46875,383.968781,143.341019,101.036591,417.1604,97.323097,66.793564,258.573181,-139.843475,460.579193,349.644958,-208.974976,95.917923,253.345108,-311.240845,49.022011,226.301514,-244.072327,58.61179,257.204102,167.016098,52.150963,228.979294,99.360291,59.911938,356.920959,66.831535,98.992126,258.004791,-2.818506,467.107971
54,0,243.708084,-198.314667,933.281921,253.601349,50.906307,930.088135,423.321411,-100.822868,943.740845,424.978088,-47.576206,942.933167,251.938766,-237.247238,475.309082,378.014465,-285.610504,95.352646,412.468597,-244.46524,68.162849,248.261627,88.125771,476.142914,383.898926,143.367554,101.042953,417.142334,97.324455,66.821808,257.580292,-140.123947,460.402405,349.594574,-208.909851,95.86245,253.330582,-311.255768,49.007412,226.286743,-244.070389,58.625206,257.197968,166.999344,52.147549,228.988235,99.343689,59.915657,356.851196,66.768608,98.891602,256.580231,-2.573821,466.881195
55,0,244.484848,-198.335007,932.758972,254.280746,50.876808,929.485352,423.993378,-100.727196,943.636414,425.680878,-47.451366,942.834351,250.981415,-237.583328,475.04361,377.923187,-285.607574,95.364227,412.43045,-244.441635,68.183044,246.862625,88.360298,475.84201,383.765778,143.375351,101.037003,417.119537,97.273674,66.862778,256.350922,-140.03508,460.124512,349.68927,-208.863388,95.712654,253.363312,-311.278076,49.002129,226.261459,-244.073639,58.607113,257.182343,166.994965,52.145863,228.981277,99.311951,59.916874,356.701111,66.686638,98.801666,255.06163,-2.351208,466.66571
56,0,245.242966,-198.286041,932.261414,254.95282,50.819435,928.857178,424.65033,-100.651375,943.399292,426.372528,-47.34536,942.779541,250.214722,-237.772827,474.823486,377.849792,-285.638947,95.343086,412.431671,-244.362625,68.214622,245.67659,88.464699,475.461609,383.660156,143.38208,101.027222,417.053741,97.399582,66.78492,255.533569,-140.248825,459.929108,349.660126,-208.860992,95.667061,253.348114,-311.269348,49.00774,226.250916,-244.086639,58.613953,257.158813,166.973816,52.152573,228.965836,99.31356,59.898335,356.626587,66.625168,98.758316,253.594543,-2.119211,466.436768
57,0,246.081619,-198.169754,931.646057,255.656601,50.784546,928.245239,425.486633,-100.48455,943.432556,426.910706,-47.264988,942.605713,249.340286,-238.051559,474.59491,377.758484,-285.604919,95.337868,412.405182,-244.333603,68.249382,244.114563,88.902092,475.163177,383.530884,143.371033,101.01387,417.026947,97.258774,66.894249,254.670944,-140.436752,459.770813,349.56366,-208.858536,95.59198,253.324829,-311.316284,49.010571,226.242676,-244.102142,58.603344,257.162964,166.953598,52.157543,228.94809,99.269844,59.899261,356.541351,66.583397,98.692734,252.123978,-1.988758,466.198517
58,0,246.779297,-198.193649,931.078552,256.336639,50.77182,927.555542,426.133514,-100.425735,943.440369,427.479614,-47.214916,942.533691,248.402206,-238.404861,474.408691,377.671295,-285.641663,95.309151,412.345276,-244.382065,68.267426,242.799133,89.160309,474.779053,383.431305,143.383255,101.022324,417.00061,97.19635,66.910545,253.784927,-140.635132,459.615387,349.420776,-208.818878,95.517464,253.324661,-311.35257,49.00956,226.217667,-244.120178,58.612995,257.154358,166.937363,52.171021,228.922729,99.250511,59.883232,356.462555,66.508682,98.6586,250.660538,-1.887416,465.992004
59,0,247.558029,-198.162613,930.445557,256.985809,50.805687,926.894348,426.833313,-100.30851,943.504395,428.063812,-47.120506,942.427551,247.496353,-238.740891,474.157227,377.603241,-285.607056,95.296776,412.306824,-244.333206,68.308823,241.637131,89.297203,474.369476,383.335876,143.380585,101.0382,416.954987,97.181664,66.947998,252.881348,-140.836197,459.473114,349.283173,-208.79303,95.461189,253.319,-311.394287,48.978199,226.181122,-244.17569,58.623581,257.158844,166.938461,52.16412,228.925537,99.241409,59.877056,356.378662,66.491524,98.594803,249.341385,-1.663335,465.719757
60,0,248.333313,-198.095261,929.81073,257.75592,50.818832,926.190674,427.421082,-100.220749,943.541626,428.70636,-46.980568,942.404175,246.582596,-239.085602,473.943939,377.496643,-285.637482,95.306274,412.267151,-244.268326,68.314522,240.378128,89.59977,474.043274,383.233978,143.421234,101.065453,416.964783,97.187164,67.042145,252.027786,-141.056442,459.381104,349.197723,-208.778946,95.463684,253.304245,-311.438416,48.98175,226.150803,-244.192154,58.643925,257.143097,166.953186,52.154343,228.891785,99.263535,59.865505,356.256287,66.467125,98.571426,248.052322,-1.461801,465.483795
61,0,249.105286,-198.00058,929.135437,258.478119,50.706356,925.404602,428.096832,-100.131332,943.660461,429.340759,-46.806778,942.324097,245.784439,-239.346939,473.758514,377.428162,-285.628235,95.297295,412.168884,-244.300949,68.362762,238.934708,90.138596,473.772644,383.135468,143.417877,101.099976,416.882751,97.13195,67.142563,251.135284,-141.313644,459.190491,349.037964,-208.805634,95.387161,253.275192,-311.491821,48.958298,226.096939,-244.242477,58.63097,257.135956,166.973282,52.152615,228.843048,99.284492,59.895546,356.127014,66.48587,98.538177,246.836594,-1.266744,465.257965
62,0,249.818542,-197.918228,928.435181,259.113831,50.876144,924.569763,428.597015,-100.031113,943.723633,430.171661,-46.532482,942.422363,245.081345,-239.654907,473.628204,377.314056,-285.65564,95.286102,412.150146,-244.210922,68.389961,237.86586,90.427109,473.385651,383.056305,143.405823,101.159698,416.88092,97.111267,67.263939,250.236511,-141.553009,459.042328,348.928284,-208.726898,95.359978,253.240646,-311.526642,48.954578,226.046982,-244.295517,58.662334,257.114594,167.017838,52.149693,228.788315,99.347351,59.929829,355.994446,66.491417,98.523582,245.613892,-1.050674,465.071991
63,0,250.639282,-197.83757,927.700562,259.766785,50.86504,923.666565,429.25589,-99.780319,944.002991,431.040375,-46.195969,942.649536,244.569656,-239.928589,473.545593,377.296387,-285.691223,95.293182,412.143066,-244.205414,68.398224,236.619064,90.926796,473.040222,383.000061,143.421768,101.217964,416.830902,97.048553,67.359215,249.54274,-141.798203,458.932404,348.820068,-208.773056,95.296608,253.211288,-311.587311,48.93108,226.042648,-244.357071,58.634132,257.143921,167.038162,52.108799,228.75975,99.395477,59.943146,355.811737,66.426987,98.580994,244.36496,-0.81512,464.986359
64,0,251.520569,-197.755905,926.980896,260.468506,50.835682,922.819824,430.214386,-99.538147,944.288452,431.597687,-46.035995,942.720093,244.194962,-240.195694,473.490173,377.223114,-285.730408,95.260841,412.105774,-244.210663,68.406914,235.222244,91.629501,472.831757,382.960236,143.454407,101.295975,416.763733,97.022552,67.5047,248.96019,-142.047867,458.797028,348.83963,-208.814178,95.308784,253.220551,-311.665894,48.918213,226.021408,-244.416458,58.664558,257.150513,167.101242,52.087925,228.742279,99.470161,59.954403,355.649597,66.504173,98.584961,243.131149,-0.477159,464.831268
65,0,252.370117,-197.647522,926.234863,261.29071,50.679398,921.855896,430.972778,-99.23175,944.581421,432.213226,-45.767246,942.85083,243.945023,-240.505508,473.496185,377.255341,-285.734955,95.214073,412.102417,-244.323273,68.430244,233.973221,92.246239,472.570801,382.89151,143.514175,101.365593,416.68338,97.045563,67.648506,248.593369,-142.318375,458.696167,348.762543,-208.848373,95.250557,253.23584,-311.7099,48.903961,226.02356,-244.45166,58.659599,257.153656,167.182541,52.061584,228.705002,99.549042,59.949409,355.516846,66.548347,98.680061,241.767273,-0.084035,464.770264
66,0,253.176041,-197.575455,925.550903,262.075928,50.639553,920.877075,431.707642,-98.938461,944.871765,432.861572,-45.421288,943.000854,243.938812,-240.776138,473.476349,377.257294,-285.759521,95.224609,412.101868,-244.262268,68.431808,232.964172,92.714371,472.205353,382.846344,143.600082,101.421585,416.65332,97.047279,67.8246,248.337357,-142.511719,458.672272,348.820801,-208.848465,95.267296,253.217941,-311.708435,48.877087,226.025085,-244.486725,58.673046,257.135345,167.235321,52.020733,228.686707,99.609344,59.969898,355.347931,66.631836,98.756462,240.334488,0.344917,464.681488
67,0,254.102798,-197.431244,924.858643,262.783142,50.76791,919.931763,432.300476,-98.622711,945.149353,433.359985,-45.082302,943.130249,243.936646,-241.172913,473.46875,377.275848,-285.812103,95.170181,412.138306,-244.287659,68.428505,231.782425,93.328102,471.85202,382.798157,143.667633,101.479027,416.483734,97.094063,67.984375,248.276901,-142.746429,458.685425,348.784515,-208.893921,95.276985,253.24559,-311.765228,48.891632,226.018677,-244.537964,58.681946,257.130646,167.321609,52.001789,228.696259,99.688118,59.970989,355.291321,66.800774,98.858414,238.988327,0.881655,464.526093
68,0,254.99057,-197.248795,924.217896,263.559326,50.835384,918.997986,432.931061,-98.263153,945.508423,434.165436,-44.581619,943.203003,243.847839,-241.725281,473.453033,377.325409,-285.871002,95.141273,412.123749,-244.316818,68.411018,230.724594,93.912323,471.608765,382.710266,143.771912,101.498894,416.418091,97.097458,68.07737,248.330643,-143.10556,458.727753,348.769653,-208.983932,95.232841,253.260941,-311.8255,48.827991,226.019287,-244.619385,58.691418,257.107849,167.379807,51.96117,228.673065,99.728668,59.989048,355.126862,66.829269,98.872169,237.719162,1.382339,464.358154
69,0,255.946899,-196.975525,923.539124,264.462128,50.845608,917.991028,433.645203,-97.848915,945.829041,434.94812,-44.125679,943.465149,243.858871,-242.220078,473.39212,377.393646,-285.951935,95.099823,412.167236,-244.447632,68.4114,229.805389,94.511978,471.338898,382.654419,143.830963,101.523125,416.396667,97.099548,68.173508,248.388977,-143.337189,458.722137,348.758392,-209.128784,95.239189,253.299957,-311.927948,48.782116,226.065552,-244.706253,58.712418,257.092682,167.408142,51.950752,228.639313,99.751549,59.959625,355.028412,66.855339,98.866577,236.486984,1.945526,464.192902
70,0,256.921021,-196.65715,922.86676,265.230377,51.14637,917.023987,434.5401,-97.311157,946.055786,435.78421,-43.585621,943.560425,243.751724,-242.735901,473.354462,377.378723,-286.032654,95.042702,412.175934,-244.486206,68.432701,229.070724,94.982742,471.107208,382.586517,143.868118,101.492683,416.371735,97.108147,68.209259,248.35968,-143.600159,458.694763,348.739349,-209.201508,95.255043,253.302216,-312.02005,48.74033,226.086105,-244.809402,58.746166,257.067108,167.430969,51.935944,228.641251,99.748024,59.972782,354.905273,66.845757,98.862617,235.4254,2.399332,464.06958
71,0,257.889221,-196.352005,922.137268,266.023651,51.446316,916.136414,435.324097,-96.839729,946.259583,436.487488,-43.107471,943.737549,243.60527,-243.204987,473.323669,377.411621,-286.128113,95.019196,412.168152,-244.495636,68.452194,228.531464,95.340988,470.907166,382.548126,143.930176,101.434967,416.49469,97.144173,68.211937,248.138733,-143.710266,458.636322,348.807404,-209.456802,95.288383,253.305786,-312.075378,48.720364,226.082077,-244.918198,58.766476,257.061798,167.43779,51.953793,228.620041,99.753227,59.976246,354.904419,66.890434,98.826149,234.624252,2.792701,463.971344
72,0,258.983307,-195.972534,921.366943,266.707428,51.902451,915.31781,436.141754,-96.349937,946.382446,437.290009,-42.582264,943.757629,243.428101,-243.605621,473.321167,377.298096,-286.028473,94.898468,412.153168,-244.556915,68.506454,228.196136,95.689857,470.70639,382.530548,144.025284,101.378746,416.432129,97.228256,68.201424,247.881851,-143.975983,458.616119,348.64856,-209.47757,95.248764,253.316193,-312.163086,48.688488,226.072601,-244.995514,58.799255,257.085968,167.399826,51.936852,228.629776,99.78331,60.009956,354.966492,66.950134,98.748177,234.08551,3.114514,463.956665
73,0,260.073975,-195.500732,920.626404,267.467133,52.209499,914.546265,436.9758,-95.887054,946.474609,438.070831,-42.025265,943.867188,243.275757,-243.946747,473.297577,377.226593,-286.064362,94.891342,412.116516,-244.570908,68.523575,227.869568,96.10569,470.529114,382.551147,144.118866,101.245972,416.509399,97.363602,68.158203,247.51297,-144.240967,458.612732,348.558655,-209.552856,95.233864,253.285858,-312.234222,48.681522,226.187485,-245.163727,58.884449,257.115082,167.384308,51.943611,228.667862,99.802254,60.020622,354.988495,67.014847,98.733406,233.875015,3.346464,463.916718
74,0,261.208008,-195.139099,919.897217,268.285156,52.550304,913.786926,437.788574,-95.384773,946.511475,438.825195,-41.513325,943.953186,243.13588,-244.241943,473.264191,377.227814,-286.102448,94.90078,412.097321,-244.55864,68.5438,227.829346,96.355713,470.342224,382.548096,144.304764,101.150558,416.680054,97.496521,68.075958,247.059708,-144.474472,458.642487,348.406616,-209.601074,95.239006,253.252213,-312.246246,48.656872,226.085953,-245.173874,58.853413,257.144775,167.374756,51.963848,228.71312,99.823105,60.058743,355.103271,67.207733,98.691177,233.937668,3.494455,463.904663
75,0,262.322998,-194.774323,919.219299,269.134064,52.809547,913.102722,438.665863,-94.852745,946.589172,439.454132,-41.014618,944.129272,242.975754,-244.509476,473.229126,377.174622,-286.101746,94.922287,412.056702,-244.542252,68.586945,227.710754,96.62748,470.137115,382.560516,144.472946,101.036263,416.703033,97.704094,68.061707,246.580811,-144.647858,458.653564,348.286469,-209.615555,95.258461,253.279114,-312.292969,48.639011,226.063354,-245.220963,58.881523,257.185822,167.357101,51.949753,228.739151,99.874901,60.13216,355.20108,67.337845,98.68383,234.146103,3.58649,463.894562
76,0,263.41687,-194.486404,918.642639,269.929871,53.007698,912.476624,439.506012,-94.305885,946.758301,440.273376,-40.431168,944.309448,242.807571,-244.691345,473.160217,377.189362,-286.213043,95.074646,412.068298,-244.465729,68.618774,227.441849,97.085014,470.017212,382.578156,144.628006,100.937828,416.812561,97.853706,68.016266,246.141006,-144.755249,458.618439,348.206696,-209.568192,95.217712,253.312347,-312.284973,48.646069,226.031738,-245.216858,58.911781,257.200897,167.335205,51.982254,228.741745,99.948631,60.165337,355.283966,67.460205,98.647224,234.401001,3.643941,463.877777
77,0,264.651855,-194.205322,918.032715,270.788849,53.10593,911.827942,440.398712,-93.78759,946.919556,440.985657,-39.92263,944.428345,242.620483,-244.839523,473.070404,377.110016,-286.210419,95.094261,412.036011,-244.445831,68.668335,226.998016,97.569595,469.909637,382.587891,144.798141,100.848991,416.814606,98.032013,68.01181,245.777695,-144.827347,458.539093,348.159454,-209.511414,95.237679,253.278488,-312.248962,48.658676,226.027924,-245.205734,58.951843,257.207886,167.357132,51.982101,228.774719,100.003899,60.238682,355.279022,67.556984,98.603661,234.583176,3.702365,463.873627
78,0,265.810425,-194.086456,917.416687,271.665924,53.104401,911.165649,441.241913,-93.237915,947.055725,441.714661,-39.344067,944.614075,242.402451,-244.930038,472.938782,377.066071,-286.206726,95.121971,411.996155,-244.425446,68.673569,226.55603,97.897507,469.749207,382.550751,144.927536,100.739479,416.980499,98.167961,68.145943,245.449432,-144.818298,458.472687,348.086182,-209.504929,95.213448,253.274826,-312.227692,48.666748,226.011154,-245.205246,58.968998,257.203674,167.319763,51.967617,228.797592,100.048401,60.269108,355.316772,67.652206,98.621063,234.648834,3.792764,463.894592
79,0,266.935699,-193.963364,916.777222,272.559082,53.16275,910.392456,442.140839,-92.763832,947.171814,442.434113,-38.83287,944.688599,242.085236,-245.018936,472.777771,377.042114,-286.181824,95.075844,411.998535,-244.411667,68.702408,226.043701,98.273163,469.623749,382.523163,145.039917,100.671791,416.986267,98.226212,68.095047,245.240143,-144.774124,458.353912,347.998474,-209.462585,95.167862,253.281326,-312.185425,48.670494,226.008301,-245.165909,58.995441,257.206818,167.268219,51.986908,228.811157,100.06443,60.278095,355.397858,67.714249,98.608734,234.466263,3.917175,463.936371
80,0,268.080261,-193.79567,916.021667,273.45639,53.153584,909.618042,442.990082,-92.284157,947.180115,443.264099,-38.293304,944.752563,241.746017,-245.112061,472.572754,376.965515,-286.146393,95.108368,412.003387,-244.402802,68.703011,225.477005,98.630272,469.494537,382.478271,145.093246,100.588219,417.075867,98.26133,68.029892,245.125076,-144.694183,458.265625,347.951416,-209.441818,95.074356,253.3125,-312.162659,48.705502,226.011017,-245.173019,59.024216,257.197632,167.219055,52.018246,228.803421,100.062027,60.324116,355.393372,67.729706,98.520103,234.168701,4.180341,463.911255
81,0,269.237244,-193.575653,915.19696,274.295624,53.214783,908.802551,443.69635,-91.92804,947.100281,443.985413,-37.876526,944.700012,241.300888,-245.213379,472.382629,376.896881,-286.16626,95.119904,411.967804,-244.436218,68.72644,224.852676,99.116653,469.33606,382.441711,145.136917,100.500145,417.01004,98.281975,68.005524,244.936844,-144.593124,458.06485,347.952545,-209.375992,95.09034,253.296494,-312.130035,48.689514,226.030731,-245.171844,59.067219,257.164642,167.164886,52.060467,228.807892,100.078979,60.359074,355.349426,67.71981,98.41098,233.73085,4.423932,463.8284
82,0,270.213043,-193.321487,914.378967,275.094299,53.299053,907.916138,444.511536,-91.505989,947.005981,444.677429,-37.459953,944.668213,240.830307,-245.365295,472.189117,376.910858,-286.16037,95.110985,411.994263,-244.391449,68.759979,224.42543,99.465157,469.145142,382.426819,145.16832,100.440071,417.03009,98.28688,67.926964,244.735794,-144.526138,457.89566,347.861328,-209.364243,95.046143,253.284546,-312.095428,48.714722,226.027634,-245.186752,59.112717,257.183655,167.122192,52.113083,228.795273,100.114197,60.414062,355.379395,67.712196,98.375107,233.232147,4.794845,463.682739
83,0,271.331482,-192.939072,913.447632,275.976196,53.416172,907.015869,445.365021,-91.162849,946.905151,445.490814,-37.026527,944.517822,240.259933,-245.583481,471.993958,376.84433,-286.143677,95.10453,411.980469,-244.455292,68.792885,224.09407,99.750824,468.925446,382.41275,145.240631,100.349678,417.179504,98.361961,67.895691,244.481323,-144.489532,457.735992,347.755463,-209.368744,95.019852,253.272263,-312.067535,48.744579,225.965424,-245.212112,59.16885,257.203308,167.053436,52.140446,228.804489,100.162636,60.445396,355.341248,67.714279,98.294411,232.720169,5.129615,463.516724
84,0,272.326569,-192.641891,912.552307,276.921448,53.546551,906.06134,446.26239,-90.838379,946.796204,446.255646,-36.708023,944.262268,239.665268,-245.806,471.762604,376.766571,-286.186066,95.131035,411.958099,-244.460846,68.841644,223.520309,100.248497,468.733978,382.418335,145.329514,100.268013,417.176941,98.389069,67.909019,244.114166,-144.552658,457.513855,347.698792,-209.368423,94.98909,253.284805,-312.033569,48.744106,225.914261,-245.250168,59.213558,257.233887,166.94606,52.153687,228.836655,100.219627,60.511944,355.446716,67.745346,98.259048,232.249374,5.350166,463.364319
85,0,273.24585,-192.288773,911.644348,277.771118,53.816624,905.138672,447.139709,-90.57518,946.660034,446.959778,-36.424,944.058228,239.014572,-246.085968,471.562347,376.706177,-286.220093,95.154694,411.953369,-244.474014,68.895203,223.013901,100.642952,468.475616,382.452972,145.404984,100.178902,417.307983,98.425728,67.820564,243.643082,-144.592133,457.298828,347.619141,-209.397583,94.974274,253.284988,-311.971558,48.776043,225.865997,-245.305298,59.279175,257.263,166.879135,52.185223,228.90889,100.306778,60.568363,355.516418,67.792297,98.213203,231.787964,5.605238,463.138794
86,0,274.273895,-191.89093,910.567993,278.634155,53.999218,904.11676,447.89447,-90.274574,946.44281,447.637634,-36.094322,943.781433,238.212112,-246.418091,471.331055,376.656281,-286.199799,95.154457,411.890564,-244.461945,68.930984,222.196304,101.176422,468.22229,382.433411,145.521957,100.093201,417.369171,98.522789,67.86187,242.987839,-144.747131,457.133514,347.551971,-209.339111,94.935974,253.270355,-311.923126,48.811226,225.790604,-245.348145,59.349163,257.251556,166.844223,52.182613,228.945374,100.37336,60.618629,355.516602,67.830658,98.155449,231.251282,5.858832,462.9617
87,0,275.346313,-191.454651,909.472595,279.507233,54.089848,903.095398,448.593628,-89.968742,946.139404,448.370056,-35.739719,943.471863,237.319656,-246.852142,471.073578,376.62674,-286.210876,95.186478,411.942657,-244.371109,68.998245,221.280319,101.709015,467.887238,382.398224,145.586426,99.999046,417.363464,98.52829,67.826881,242.161987,-144.911362,456.967896,347.445862,-209.325073,94.902664,253.282608,-311.852234,48.837257,225.736526,-245.358719,59.421867,257.243042,166.830307,52.203121,228.956879,100.435234,60.667328,355.484802,67.837173,98.079445,230.445374,6.099333,462.780243
88,0,276.381653,-191.18071,908.298279,280.41803,54.214127,901.85907,449.196747,-89.75106,945.802612,449.072327,-35.357109,943.045288,236.482376,-247.324356,470.731415,376.595398,-286.183807,95.196625,411.899414,-244.38678,69.039238,220.18338,102.193665,467.468964,382.303986,145.64801,99.951492,417.29364,98.582748,67.907532,241.187393,-145.143234,456.720123,347.414948,-209.343781,94.871468,253.294022,-311.803619,48.850246,225.70578,-245.40152,59.471806,257.239014,166.80957,52.21524,228.953781,100.426376,60.648998,355.438568,67.88842,98.026741,229.551712,6.442219,462.503448
89,0,277.431732,-190.915604,907.070068,281.273621,54.286991,900.531921,449.96524,-89.446693,945.359619,449.71228,-34.980095,942.52655,235.551483,-247.791138,470.37793,376.520081,-286.21759,95.177483,411.889252,-244.392242,69.087029,218.872452,102.753716,467.065887,382.201111,145.672974,99.885208,417.269867,98.589348,67.89547,240.183472,-145.412521,456.509491,347.296967,-209.381348,94.840904,253.304062,-311.797821,48.876984,225.665604,-245.433365,59.507072,257.207794,166.78688,52.225464,228.932266,100.388031,60.65266,355.27832,67.8405,97.997604,228.383316,6.770544,462.195068
90,0,278.469513,-190.752274,905.88031,281.999756,54.32407,899.157654,450.80954,-89.043922,944.778564,450.342041,-34.631588,941.92804,234.667816,-248.235291,470.020142,376.4104,-286.252991,95.124588,411.890686,-244.353775,69.137001,217.615616,103.187241,466.588928,382.062012,145.674866,99.814445,417.279938,98.623886,67.969856,239.069534,-145.754822,456.214996,347.234192,-209.362366,94.814529,253.297089,-311.746704,48.869125,225.609924,-245.472565,59.538929,257.197266,166.767776,52.247456,228.904785,100.333374,60.597885,355.241028,67.831505,97.910881,227.023499,7.198596,461.81778
91,0,279.593506,-190.588837,904.565002,282.741302,54.317299,897.602051,451.640686,-88.595345,944.035767,451.014832,-34.211872,941.209106,233.576065,-248.782257,469.594086,376.380524,-286.221344,95.194511,411.867432,-244.34671,69.220322,216.236725,103.636223,466.097076,381.908356,145.672058,99.776657,417.335571,98.565941,67.976234,237.745255,-146.150467,455.840363,347.191833,-209.314484,94.795486,253.287582,-311.718445,48.915134,225.556366,-245.471085,59.608776,257.180573,166.743362,52.271957,228.863235,100.264664,60.575691,355.103333,67.718735,97.765686,225.517456,7.594189,461.420898
92,0,280.653137,-190.373962,903.145325,283.537262,54.238983,895.989563,452.331238,-88.255455,943.291321,451.666595,-33.789722,940.497925,232.460983,-249.397705,469.105591,376.259094,-286.239471,95.18679,411.814636,-244.330017,69.267082,214.843552,104.116737,465.608002,381.814941,145.617401,99.731606,417.31778,98.506271,67.971519,236.495621,-146.628311,455.53775,347.018097,-209.320847,94.738861,253.279236,-311.686188,48.912487,225.537201,-245.523087,59.634033,257.161896,166.695755,52.282501,228.864029,100.183609,60.53838,354.987488,67.526001,97.666847,224.159393,7.945394,460.966492
93,0,281.745239,-190.290512,901.719055,284.252136,54.256077,894.305359,453.126495,-87.849297,942.509827,452.317383,-33.335506,939.704407,231.276764,-250.117905,468.720673,376.167114,-286.257843,95.180641,411.777496,-244.314468,69.342194,213.650513,104.457176,465.063416,381.727203,145.592255,99.689224,417.271637,98.475311,67.987106,235.04451,-147.170273,455.206543,346.900543,-209.368988,94.700058,253.289993,-311.709839,48.953682,225.464737,-245.554718,59.670868,257.167572,166.614868,52.282848,228.854919,100.130287,60.531925,354.910278,67.446693,97.58918,222.681366,8.231471,460.516296
94,0,282.840118,-190.225922,900.322205,284.979858,54.201897,892.632202,453.835815,-87.431694,941.734558,452.939789,-32.949318,938.832214,230.095444,-250.817902,468.320282,376.084839,-286.282349,95.200264,411.693481,-244.316376,69.413254,212.332245,104.89901,464.445923,381.645813,145.558182,99.644691,417.316589,98.439964,68.056244,233.582321,-147.731003,454.861298,346.777008,-209.445374,94.704788,253.294525,-311.690582,48.967995,225.396729,-245.597519,59.722843,257.17691,166.636246,52.306622,228.848282,100.106789,60.498005,354.902954,67.402115,97.534767,221.426376,8.484855,460.078308
95,0,283.822937,-190.241119,898.806763,285.735474,54.142712,890.83075,454.410614,-87.132523,940.861938,453.522278,-32.599945,937.892395,228.976944,-251.447083,467.901459,376.013489,-286.280487,95.239807,411.675781,-244.297791,69.488777,210.976501,105.413689,463.851288,381.534576,145.551682,99.625954,417.318237,98.437759,68.107857,231.987778,-148.253174,454.464478,346.715424,-209.423264,94.681793,253.275818,-311.683746,49.000618,225.340729,-245.63475,59.761559,257.157074,166.63118,52.305679,228.807709,100.074013,60.474705,354.784882,67.348473,97.430748,220.212402,8.682281,459.616852
96,0,284.825195,-190.167191,897.201904,286.714935,53.845966,889.058777,455.162109,-86.81411,939.999451,454.082886,-32.22678,936.995361,227.697815,-252.125977,467.477509,375.859589,-286.310425,95.201111,411.623688,-244.296555,69.576538,209.591629,105.872513,463.297302,381.426971,145.548309,99.601822,417.170593,98.448006,68.195854,230.456085,-148.857742,454.089905,346.608887,-209.43013,94.674438,253.261871,-311.614563,49.019051,225.305542,-245.640137,59.798977,257.147186,166.657349,52.319611,228.81459,100.059608,60.452839,354.648468,67.313988,97.33876,218.986221,8.814029,459.112732
97,0,285.839417,-190.144547,895.631775,287.315826,53.983139,887.28479,455.832153,-86.568596,938.98407,454.59021,-31.967785,935.868286,226.471985,-252.797546,466.958466,375.836182,-286.326294,95.290871,411.561646,-244.278381,69.663696,208.130844,106.23494,462.651794,381.31778,145.522034,99.576546,417.220856,98.390572,68.200203,228.890137,-149.377228,453.751831,346.523071,-209.413269,94.661865,253.2798,-311.574646,49.053596,225.255875,-245.617737,59.804264,257.108734,166.684402,52.315975,228.786316,100.033585,60.440094,354.448517,67.239693,97.255264,217.696793,9.064019,458.641205
98,0,286.870117,-190.128815,893.971436,288.057281,53.931499,885.455261,456.738708,-86.315216,937.95343,455.337128,-31.663534,934.831482,225.233368,-253.467834,466.345337,375.707703,-286.328186,95.295776,411.57019,-244.280685,69.74173,206.574997,106.716034,462.039062,381.210175,145.508209,99.570312,417.172241,98.358742,68.273788,227.337555,-149.873779,453.41452,346.460205,-209.387955,94.670952,253.267944,-311.520233,49.110825,225.229507,-245.603806,59.81929,257.109497,166.695969,52.300594,228.773651,99.976669,60.404167,354.355865,67.237648,97.165977,216.249191,9.322122,458.126923
99,0,287.852081,-190.141998,892.24231,288.817047,53.818733,883.553589,457.342255,-86.176888,936.983032,455.906189,-31.476181,933.756165,224.044449,-254.050583,465.773041,375.560028,-286.319122,95.300148,411.49585,-244.260086,69.865845,204.948044,107.154381,461.399323,381.097168,145.498566,99.53994,417.022247,98.341568,68.36657,225.879929,-150.346161,453.068665,346.388794,-209.387268,94.641945,253.259598,-311.446869,49.119465,225.161758,-245.567688,59.821224,257.086639,166.761337,52.285812,228.733795,99.914566,60.365856,354.194611,67.155731,97.064774,214.66362,9.580372,457.569305
100,0,288.789581,-190.108383,890.421875,289.508972,53.769661,881.615601,457.911102,-86.013382,935.91571,456.491882,-31.372648,932.546509,222.569748,-254.711899,465.195618,375.41745,-286.273102,95.353279,411.450287,-244.194748,69.947197,203.47287,107.458282,460.77594,380.959076,145.461533,99.479897,416.828705,98.251457,68.17173,224.467407,-150.795624,452.628265,346.271149,-209.337555,94.600708,253.254684,-311.421539,49.179813,225.12413,-245.538467,59.806698,257.054871,166.770554,52.295486,228.700394,99.837456,60.313919,354.027313,67.068573,96.99086,212.983963,9.818209,457.035675
101,0,289.61676,-190.188904,888.700378,290.262177,53.607025,879.636963,458.446503,-85.961617,934.720276,457.030304,-31.278774,931.438904,221.035446,-255.393143,464.570618,375.322083,-286.24295,95.396439,411.349609,-244.130096,70.071983,202.035004,107.782578,460.125793,380.827881,145.45636,99.408875,416.762421,98.178535,68.260918,222.952591,-151.2603,452.2258,346.210083,-209.259781,94.581459,253.204254,-311.322113,49.22694,225.061569,-245.481171,59.816982,257.010132,166.810089,52.277042,228.673141,99.753014,60.275871,353.913208,66.978195,96.907997,211.349731,10.068162,456.353821
102,0,290.509094,-190.266693,886.802917,290.938873,53.465286,877.60791,459.088013,-85.961945,933.617676,457.528961,-31.301111,930.193604,219.646347,-255.995148,464.028534,375.179901,-286.193665,95.432762,411.312592,-244.018707,70.159508,200.579742,108.08345,459.475006,380.696594,145.365753,99.445679,416.722778,98.116905,68.329239,221.517258,-151.733231,451.802277,346.102264,-209.204117,94.590607,253.212296,-311.308472,49.248569,224.997559,-245.459534,59.810215,256.962921,166.809738,52.295944,228.649582,99.690948,60.236881,353.807587,66.909569,96.846558,209.759384,10.250636,455.742798
103,0,291.275818,-190.335846,884.878052,291.628143,53.275429,875.617798,459.604462,-86.007263,932.48938,458.081818,-31.263802,929.112244,218.22789,-256.658112,463.407135,374.899384,-285.973236,95.279579,411.234222,-243.967377,70.246307,199.205017,108.37912,458.845245,380.581665,145.305206,99.43145,416.569672,98.0597,68.421013,219.914474,-152.158783,451.247314,345.991913,-209.112091,94.563446,253.197845,-311.28363,49.275978,224.952454,-245.433792,59.790768,256.975098,166.792114,52.245335,228.63768,99.666023,60.2197,353.695068,66.794617,96.813744,208.233582,10.385362,455.179962
104,0,292.04483,-190.38031,883.092102,292.334991,53.113808,873.524414,459.866943,-85.957069,931.336548,458.542297,-31.374697,927.961975,216.810822,-257.360352,462.877747,374.804016,-285.945221,95.294838,411.162689,-243.922455,70.342339,197.825958,108.606018,458.190704,380.502319,145.271942,99.452271,416.537201,97.999763,68.519943,218.589752,-152.714294,450.807068,345.878265,-209.126892,94.572945,253.172882,-311.235199,49.275753,224.916779,-245.423431,59.784237,256.965515,166.799042,52.232983,228.629868,99.611053,60.177513,353.612915,66.750313,96.786072,206.783966,10.45839,454.550507
105,0,292.901978,-190.464035,881.05719,293.076874,52.879177,871.411316,460.167847,-86.117653,930.201904,458.968811,-31.414841,926.823059,215.469604,-258.102264,462.383423,374.804932,-286.06366,95.506378,411.063599,-243.833405,70.507843,196.453598,108.823875,457.549713,380.404846,145.180984,99.463326,416.53537,97.951912,68.608337,217.136536,-153.279358,450.325073,345.734619,-209.107254,94.555252,253.158752,-311.223816,49.334431,224.846375,-245.387161,59.790302,256.957703,166.798035,52.238663,228.600525,99.569489,60.170887,353.479523,66.686989,96.734459,205.486069,10.432724,454.0
106,0,293.680328,-190.581772,879.063782,293.983002,52.424671,869.283936,460.79071,-86.325211,929.176514,459.298492,-31.574402,925.648682,214.15535,-258.808899,461.931366,374.681091,-286.046722,95.559349,410.959259,-243.751602,70.687294,195.025284,109.066513,456.907074,380.316437,145.134598,99.481621,416.462036,97.878281,68.715973,215.65152,-153.887009,449.880859,345.581879,-209.048019,94.583977,253.144409,-311.192657,49.326687,224.805099,-245.388153,59.792309,256.974426,166.793076,52.252899,228.612198,99.531189,60.161667,353.430145,66.638496,96.718987,204.181473,10.418352,453.365967
107,0,294.539368,-190.680725,877.015442,294.454163,52.336834,867.204712,461.148193,-86.528671,927.968994,459.851929,-31.582441,924.468018,212.745087,-259.596588,461.517395,374.485992,-285.817322,95.557892,410.831146,-243.670654,70.848969,193.494186,109.271904,456.259369,380.213623,145.104492,99.499123,416.56192,97.861504,68.821869,214.13707,-154.490097,449.4953,345.399994,-209.008987,94.67083,253.104843,-311.170563,49.358448,224.73085,-245.403763,59.798222,256.933258,166.838013,52.291119,228.587341,99.500053,60.118027,353.276672,66.528008,96.646004,202.884079,10.380905,452.744507
108,0,295.376465,-190.765564,874.939514,295.14801,51.98748,864.953247,461.580048,-86.555878,926.765442,460.190887,-31.663387,923.207336,211.289795,-260.487793,461.175293,374.411652,-285.788971,95.685165,410.737335,-243.560577,71.027321,191.972885,109.490517,455.656708,380.135681,145.055695,99.504204,416.491852,97.81945,68.897064,212.62442,-155.217453,449.288055,345.171478,-208.96109,94.729355,253.056702,-311.16449,49.339558,224.660538,-245.399384,59.816635,256.8992,166.893036,52.383259,228.569077,99.432228,60.073025,353.205109,66.492867,96.609268,201.589798,10.339085,452.104919
109,0,296.341797,-190.887115,872.772156,295.796722,51.598782,862.70105,462.082367,-86.712135,925.490295,460.516174,-31.766935,921.883179,209.937057,-261.456451,460.707855,374.285583,-285.727875,95.738159,410.615265,-243.42421,71.225685,190.414825,109.700256,454.98468,379.904266,145.009232,99.401031,416.410187,97.733238,68.981216,211.137024,-156.016708,449.059204,345.020355,-208.894577,94.822372,253.010727,-311.156372,49.384895,224.589233,-245.415131,59.800846,256.878693,166.86174,52.3904,228.525879,99.368034,60.044209,353.037018,66.322731,96.550537,200.257843,10.298062,451.450348
110,0,297.194672,-191.041946,870.615051,296.449677,51.215244,860.357117,462.513794,-86.76461,924.33374,461.11908,-31.627409,920.64801,208.808975,-262.417023,460.291351,374.208557,-285.685181,95.818993,410.503571,-243.292725,71.399605,188.882065,109.921532,454.313385,379.735291,144.930191,99.402725,416.363434,97.646149,69.046562,209.61026,-156.853317,448.850494,344.813049,-208.869385,94.882011,252.993378,-311.1073,49.358353,224.530029,-245.419495,59.80896,256.855591,166.856812,52.41032,228.481934,99.321602,60.029312,352.882751,66.203979,96.472908,198.927643,10.335367,450.77774
111,0,298.174133,-191.174957,868.325867,297.092285,50.779091,857.862305,463.024872,-86.796997,923.114746,461.553833,-31.64658,919.260742,207.586594,-263.4599,459.897339,374.172516,-285.629364,95.872787,410.412323,-243.172134,71.628502,187.497314,110.151978,453.656555,379.534393,144.837143,99.369583,416.335785,97.561043,69.133087,208.20459,-157.768555,448.57196,344.659851,-208.82016,94.980415,252.91893,-311.152557,49.35268,224.465988,-245.429123,59.801018,256.845093,166.829575,52.40242,228.435242,99.246239,59.999302,352.814331,66.122986,96.395279,197.58519,10.457944,450.101776
112,0,299.205841,-191.388992,866.191711,297.894196,50.150745,855.312622,463.648621,-86.705292,921.759705,462.035553,-31.558365,917.920715,206.415314,-264.517456,459.391571,374.02066,-285.711182,95.852318,410.329193,-243.115128,71.755836,186.233124,110.336418,452.967743,379.394012,144.772385,99.327515,416.280548,97.453552,69.129883,206.818314,-158.633362,448.175354,344.661591,-208.937195,95.037918,252.909058,-311.136963,49.3386,224.404755,-245.437515,59.803501,256.817688,166.773727,52.43119,228.409897,99.193024,59.982491,352.735168,66.071739,96.268219,196.235336,10.562294,449.403351
113,0,300.258362,-191.416397,863.963501,298.463043,49.92268,852.79187,464.162689,-86.694168,920.281982,462.521667,-31.447716,916.56488,205.455948,-265.518738,458.840576,373.94986,-285.727448,95.874588,410.308014,-243.134766,71.871025,185.012375,110.515823,452.320923,379.375122,144.744888,99.338921,416.429047,97.449486,69.325981,205.46701,-159.472992,447.876953,344.497467,-208.897888,95.06781,252.890701,-311.194733,49.366608,224.376358,-245.446503,59.789928,256.826813,166.715317,52.459167,228.403305,99.117859,59.961823,352.7388,66.029716,96.207924,194.943924,10.556906,448.720673
114,0,301.332672,-191.812973,861.794617,299.34198,49.258652,850.273376,464.73938,-86.703323,919.052612,462.983795,-31.33779,915.154724,204.618622,-266.419769,458.341888,373.834656,-285.81601,95.865036,410.252869,-243.166794,71.958702,183.82515,110.605316,451.663452,379.243042,144.692886,99.311455,416.394226,97.417686,69.328453,204.486908,-160.361221,447.54245,344.424011,-208.954727,95.087837,252.882477,-311.224976,49.316914,224.37236,-245.458817,59.782917,256.816467,166.630203,52.484173,228.394455,99.085739,59.932743,352.672729,65.923241,96.149887,193.699615,10.53597,448.058685
115,0,302.493042,-192.131012,859.743896,299.919434,48.993183,847.820435,465.29187,-86.672951,917.751648,463.516876,-31.309694,913.824463,203.804153,-267.28949,457.818329,373.7836,-285.867706,95.789696,410.267365,-243.179001,72.029007,182.719238,110.62468,451.08667,379.146729,144.626633,99.278847,416.414032,97.351273,69.360283,203.404129,-161.123642,447.239227,344.392212,-208.999527,95.066025,252.877716,-311.242554,49.32428,224.340561,-245.465408,59.753872,256.800842,166.524673,52.518093,228.331131,99.001816,59.942188,352.617432,65.860443,96.070412,192.614441,10.490061,447.409424
116,0,303.572968,-192.444458,857.642334,300.786957,48.310246,845.442261,465.848907,-86.684792,916.401001,464.050232,-31.2367,912.499329,203.079834,-268.051666,457.371063,373.753723,-285.90155,95.772186,410.243134,-243.196945,72.096344,181.624771,110.626373,450.494629,379.039368,144.544022,99.288628,416.435272,97.271698,69.405647,202.107559,-161.572693,446.98764,344.475433,-209.085205,95.084732,252.874496,-311.262329,49.339989,224.334915,-245.436462,59.750984,256.797821,166.389801,52.532005,228.310562,98.935799,59.934772,352.521606,65.729225,95.984138,191.656036,10.314244,446.832886
117,0,304.772003,-192.853317,855.666016,301.486389,48.10273,843.178772,466.529114,-86.662323,915.154053,464.593475,-31.170078,911.217407,202.386871,-268.817322,456.963776,373.660156,-285.901123,95.746552,410.203308,-243.104172,72.14003,180.575317,110.508812,449.979492,378.901031,144.435974,99.281471,416.426392,97.187798,69.455673,201.591583,-162.379135,446.710388,344.412323,-209.036011,95.110191,252.839951,-311.194489,49.363106,224.318451,-245.402237,59.731075,256.774261,166.287384,52.578407,228.2603,98.849503,59.917324,352.60199,65.739273,95.928345,190.788269,10.072759,446.295654
118,0,305.914154,-193.177292,853.754883,302.283875,47.728638,841.082886,467.108856,-86.687492,913.878967,465.123352,-31.148582,910.005127,201.746521,-269.479248,456.612671,373.610657,-285.885101,95.705063,410.077789,-242.976303,72.159981,179.635483,110.366356,449.457245,378.84613,144.372284,99.296738,416.436035,97.09771,69.453873,200.625824,-162.76207,446.537048,344.367126,-209.021042,95.118546,252.854019,-311.188721,49.362766,224.330368,-245.382111,59.715416,256.745972,166.183868,52.622051,228.222046,98.7864,59.890343,352.637939,65.588005,95.843155,190.008682,9.794879,445.782867
119,0,307.114044,-193.585281,851.772583,303.259796,47.146557,838.982178,467.697906,-86.649796,912.849976,465.575592,-31.2195,908.783447,201.139679,-270.032898,456.255524,373.667419,-286.040405,95.802063,410.177795,-242.976425,72.257294,178.719559,110.14962,448.962982,378.77121,144.271637,99.2584,416.371735,96.967575,69.456322,200.131439,-163.321609,446.272797,344.254791,-208.750702,95.172478,252.875336,-311.153564,49.353569,224.31604,-245.323242,59.689556,256.732971,166.071609,52.647449,228.16655,98.69857,59.848965,352.582489,65.446724,95.742561,189.368637,9.555299,445.235352
120,0,308.208374,-193.761475,849.981445,303.932892,46.99754,837.043457,468.286469,-86.550674,911.757812,466.131989,-31.211269,907.569824,200.680237,-270.457123,455.907837,373.616882,-286.030884,95.821884,410.167175,-242.961685,72.307083,177.929901,109.924942,448.515869,378.677826,144.165192,99.255119,416.327454,96.871468,69.556717,199.581299,-163.711227,446.080902,344.36084,-208.736298,95.231392,252.8759,-311.104431,49.355812,224.336014,-245.299026,59.649693,256.727234,165.923126,52.704514,228.128098,98.614601,59.836491,352.469757,65.284264,95.638557,188.829071,9.303733,444.72226
121,0,309.237549,-194.101364,848.219543,304.867523,46.447613,835.127747,468.937531,-86.53627,910.739502,466.649658,-31.176538,906.49646,200.204483,-270.813019,455.638092,373.568542,-286.04541,95.839607,410.148682,-242.981873,72.320747,177.23317,109.730408,448.105408,378.610657,144.08046,99.272949,416.384857,96.771317,69.538017,199.09079,-163.99884,445.871613,344.248657,-208.666992,95.201111,252.849106,-311.072357,49.404613,224.307297,-245.219711,59.644993,256.714813,165.814255,52.721249,228.120605,98.574677,59.828838,352.438629,65.166397,95.548958,188.187988,8.958236,444.281342
122,0,310.324219,-194.325806,846.465027,305.550537,46.333416,833.29895,469.610291,-86.537598,909.692139,467.192108,-31.102636,905.534668,199.689774,-271.105835,455.372528,373.481323,-286.027802,95.825211,410.181458,-242.977905,72.393578,176.585373,109.535896,447.774841,378.536987,143.999863,99.250153,416.265747,96.748123,69.59433,198.401703,-164.099609,445.701843,344.251282,-208.688309,95.146408,252.87616,-311.021484,49.441273,224.312225,-245.176361,59.622055,256.702118,165.701111,52.760231,228.101746,98.50499,59.801579,352.472229,65.049706,95.472542,187.498734,8.676922,444.016724
123,0,311.393494,-194.427216,844.895081,306.300568,46.025547,831.482361,470.142426,-86.556122,908.767273,467.770996,-31.042645,904.654236,199.168793,-271.368286,455.168915,373.460815,-286.066925,95.849983,410.181061,-242.952835,72.443451,175.999649,109.345406,447.449036,378.463013,143.940536,99.236778,416.336182,96.646988,69.608719,198.021744,-164.250992,445.466858,344.26825,-208.639008,95.163284,252.863892,-310.974213,49.457741,224.31073,-245.10936,59.578529,256.679016,165.610336,52.786407,228.08345,98.429794,59.76643,352.464447,64.944832,95.405609,187.045135,8.358969,443.647125
124,0,312.297272,-194.54158,843.446594,307.055725,45.748173,829.740112,470.662811,-86.529335,908.062317,468.199005,-31.146494,903.710388,198.69696,-271.539612,454.971893,373.295105,-286.044556,95.842033,410.14032,-242.939896,72.447647,175.515228,109.150291,447.164551,378.369171,143.840286,99.295135,416.45224,96.645287,69.665939,197.755508,-164.308945,445.28241,344.26236,-208.546631,95.155151,252.851181,-310.916473,49.476307,224.29924,-245.032776,59.517509,256.676331,165.497513,52.86533,228.05864,98.389183,59.74493,352.529633,64.88308,95.317871,186.625854,8.057794,443.325928
125,0,313.243195,-194.676086,841.953247,307.799103,45.452084,828.015137,471.082794,-86.541176,907.293701,468.740753,-31.134787,902.936401,198.273987,-271.623016,454.712128,373.279358,-286.003235,95.829918,410.160767,-242.921539,72.482063,175.016785,108.950836,446.878204,378.334351,143.757645,99.277962,416.363312,96.618645,69.733307,197.752625,-164.424774,445.067505,344.315735,-208.467621,95.085724,252.843445,-310.828064,49.514599,224.321762,-244.929092,59.496326,256.665283,165.384567,52.894279,228.046097,98.313553,59.719532,352.574677,64.832138,95.240875,186.273026,7.751952,443.054352
126,0,314.251862,-194.700546,840.51239,308.740723,44.838409,826.269409,471.593994,-86.580772,906.538574,469.042694,-31.23547,901.984314,197.928513,-271.705109,454.481018,373.193726,-285.926941,95.802269,410.168915,-242.831848,72.487625,174.603485,108.74247,446.607544,378.334686,143.688477,99.267372,416.438965,96.515083,69.678169,197.466354,-164.322922,444.983276,344.33963,-208.408447,94.989922,252.871185,-310.741699,49.537148,224.311111,-244.84288,59.467575,256.66925,165.266129,52.944645,228.021881,98.277946,59.727024,352.600922,64.74929,95.17305,186.00766,7.479527,442.815399
127,0,315.28949,-194.773132,839.206299,309.192291,44.888561,824.896484,472.026306,-86.697098,905.817932,469.460602,-31.248959,901.311951,197.689789,-271.795898,454.281372,373.211578,-285.872314,95.770401,410.176117,-242.765167,72.472786,174.23262,108.56942,446.394775,378.279785,143.660156,99.2771,416.481689,96.503487,69.626534,197.423172,-164.358368,444.882385,344.37735,-208.274734,94.94931,252.872589,-310.626312,49.567993,224.32106,-244.762146,59.437737,256.669312,165.157837,52.985516,228.018127,98.251648,59.742165,352.622894,64.676392,95.112038,185.792023,7.266165,442.551819
128,0,316.242188,-195.0681,837.86145,309.929565,44.630131,823.368469,472.448212,-86.805275,905.180603,470.062805,-31.154306,900.746338,197.59462,-271.925842,454.075195,373.193054,-285.835907,95.765633,410.172394,-242.709412,72.400658,173.976349,108.427757,446.220673,378.263184,143.606918,99.277847,416.490936,96.474258,69.615547,197.45816,-164.426605,444.769714,344.393494,-208.126205,94.916649,252.899887,-310.58963,49.617714,224.321518,-244.708054,59.385208,256.652191,165.042557,53.049648,228.021072,98.198326,59.69389,352.631927,64.602913,95.067787,185.65567,7.07266,442.350311
129,0,317.002319,-195.258636,836.595032,310.807678,44.14278,821.921875,472.878876,-86.913177,904.572815,470.468262,-31.202917,900.170288,197.454773,-272.121185,453.966034,373.175598,-285.834808,95.681999,410.089874,-242.630112,72.341972,173.757721,108.325798,446.086212,378.269562,143.541534,99.268791,416.459045,96.417648,69.654671,197.506027,-164.531555,444.638947,344.440125,-208.098526,94.848885,252.909363,-310.555145,49.652512,224.319534,-244.681,59.382339,256.638,164.954819,53.11779,228.018692,98.165932,59.698933,352.594269,64.493858,95.060127,185.498413,6.861248,442.196899
130,0,317.927032,-195.367218,835.314331,311.322571,44.161549,820.716675,473.270172,-86.972275,904.026672,470.863129,-31.261526,899.629211,197.411591,-272.317963,453.829346,373.209656,-285.816803,95.643524,410.169373,-242.671341,72.375519,173.602966,108.251732,445.996704,378.26593,143.508972,99.264366,416.56665,96.397728,69.617996,197.579971,-164.695404,444.523163,344.411316,-208.090973,94.799309,252.949768,-310.557709,49.667721,224.345963,-244.644592,59.387466,256.656342,164.872879,53.169407,228.045166,98.17688,59.690872,352.633057,64.445175,95.03907,185.388031,6.696455,442.025513
