0,1,2,3,4,5,6,7,8,9,10,11,12,13,14,15,16,17,18,19,20,21,22,23,24,25,26,27,28,29,30,31,32,33,34,35,36,37,38,39,40,41,42,43,44,45,46,47,48,49,50,51,52,53,54,55,56,57,58,59,60,61,62
Frame#,Time,Neck,,,RShoulder,,,RElbow,,,RWrist,,,LShoulder,,,LElbow,,,LWrist,,,midHip,,,RHip,,,RKnee,,,RAnkle,,,LHip,,,LKnee,,,LAnkle,,,LBigToe,,,LSmallToe,,,LHeel,,,RBigToe,,,RSmallToe,,,RHeel,,,
,,X1,Y1,Z1,X2,Y2,Z2,X3,Y3,Z3,X4,Y4,Z4,X5,Y5,Z5,X6,Y6,Z6,X7,Y7,Z7,X8,Y8,Z8,X9,Y9,Z9,X10,Y10,Z10,X11,Y11,Z11,X12,Y12,Z12,X13,Y13,Z13,X14,Y14,Z14,X15,Y15,Z15,X16,Y16,Z16,X17,Y17,Z17,X18,Y18,Z18,X19,Y19,Z19,X20,Y20,Z20,
1,0.0000000,-3.9948600,1.1791700,0.0622900,-4.0415000,1.1804800,0.2285000,-4.2555700,0.9562900,0.2977400,-4.2125000,0.7488600,0.3723400,-4.0148600,1.1714700,-0.0855000,-4.0566800,0.9200300,-0.1997100,-3.8290500,0.7908200,-0.0894000,-4.1497500,0.6062600,0.0931200,-4.1439300,0.6185900,0.2115600,-3.9332800,0.2651300,0.2895900,-4.2230400,-0.1602800,0.2942300,-4.1655500,0.5949100,-0.0191500,-4.2719000,0.1959500,-0.0407100,-4.4801800,-0.2191200,-0.0281200,-4.3059700,-0.3014500,-0.0698600,-4.3565100,-0.2931500,-0.1426200,-4.5593100,-0.2501000,-0.0250200,-4.0374900,-0.2743500,0.3467100,-4.1296800,-0.2418100,0.3982300,-4.3086100,-0.2253800,0.2607100,
2,0.0166667,-3.9855700,1.1684200,0.0612300,-4.0144300,1.1751400,0.2358700,-4.2407400,0.9552100,0.3023400,-4.2088000,0.7436900,0.3744300,-3.9898800,1.1680100,-0.0808500,-4.0499200,0.9183600,-0.1979800,-3.8237300,0.7895700,-0.0867300,-4.1285800,0.6035600,0.0996200,-4.1208200,0.6166500,0.2162700,-3.9337200,0.2579100,0.2899400,-4.1959700,-0.1718100,0.3018400,-4.1576200,0.5884000,-0.0164200,-4.2648600,0.1916800,-0.0377600,-4.4803600,-0.2176700,-0.0280600,-4.3058100,-0.3021300,-0.0698800,-4.3566900,-0.2909500,-0.1428000,-4.5462700,-0.2462000,-0.0205700,-4.0410200,-0.2817400,0.3453800,-4.1206100,-0.2535700,0.4003000,-4.2928300,-0.2270100,0.2706400,
3,0.0333333,-3.9716100,1.1599500,0.0612500,-3.9882700,1.1683800,0.2441600,-4.2238000,0.9524600,0.3166900,-4.2024400,0.7420500,0.3799300,-3.9630700,1.1645000,-0.0755900,-4.0425300,0.9124300,-0.1949800,-3.8161900,0.7839900,-0.0845700,-4.1051400,0.6020700,0.1067300,-4.0976500,0.6145300,0.2209200,-3.9323100,0.2528800,0.2906800,-4.1817800,-0.1797000,0.3058800,-4.1336200,0.5845200,-0.0095900,-4.2535900,0.1876200,-0.0335300,-4.4803300,-0.2163200,-0.0281900,-4.3077300,-0.3014000,-0.0704400,-4.3590400,-0.2897300,-0.1420800,-4.5399900,-0.2443500,-0.0184600,-4.0426700,-0.2903000,0.3442400,-4.1151900,-0.2647800,0.4017200,-4.2715300,-0.2279600,0.2801400,
4,0.0500000,-3.9492800,1.1517700,0.0654700,-3.9656800,1.1601400,0.2512700,-4.2076900,0.9487300,0.3373800,-4.1837700,0.7359600,0.3899700,-3.9349300,1.1610500,-0.0714600,-4.0320800,0.9064000,-0.1922000,-3.8067500,0.7758600,-0.0845400,-4.0831900,0.5997500,0.1134100,-4.0771800,0.6121900,0.2251500,-3.9257800,0.2499400,0.2918200,-4.1780900,-0.1823100,0.3070000,-4.0955200,0.5846800,-0.0006400,-4.2394100,0.1860900,-0.0298200,-4.4812300,-0.2149900,-0.0284100,-4.3111700,-0.3041100,-0.0717400,-4.3651800,-0.2905800,-0.1401900,-4.5406600,-0.2451200,-0.0189400,-4.0462200,-0.2915600,0.3431200,-4.1102700,-0.2684800,0.4015800,-4.2514900,-0.2251300,0.2864700,
5,0.0666667,-3.9161200,1.1418300,0.0756000,-3.9507800,1.1503300,0.2556800,-4.1963500,0.9418900,0.3564700,-4.1449400,0.7285800,0.4038400,-3.9095500,1.1513200,-0.0691900,-4.0191900,0.9048800,-0.1902500,-3.7976300,0.7662100,-0.0864100,-4.0684100,0.5970200,0.1178900,-4.0608700,0.6094000,0.2276800,-3.9134900,0.2463400,0.2922200,-4.1759000,-0.1833700,0.3078600,-4.0604800,0.5851700,0.0058600,-4.2230400,0.1833300,-0.0282000,-4.4830800,-0.2164000,-0.0284500,-4.3139900,-0.3098100,-0.0732200,-4.3732400,-0.2939700,-0.1381100,-4.5437300,-0.2473100,-0.0204300,-4.0497300,-0.2949500,0.3418300,-4.1037500,-0.2690800,0.4005300,-4.2465100,-0.2228900,0.2886500,
6,0.0833333,-3.8786000,1.1337000,0.0882500,-3.9422500,1.1410400,0.2580400,-4.1794800,0.9333900,0.3710100,-4.0956400,0.7202700,0.4184500,-3.8890900,1.1394300,-0.0673700,-4.0067600,0.9044800,-0.1873300,-3.7920800,0.7578700,-0.0880800,-4.0597300,0.5920400,0.1204900,-4.0467900,0.6030200,0.2295600,-3.9010700,0.2412700,0.2911000,-4.1752300,-0.1833100,0.3086100,-4.0401600,0.5817700,0.0091400,-4.2046400,0.1861900,-0.0269000,-4.4848600,-0.2136100,-0.0291900,-4.3167000,-0.3083500,-0.0741400,-4.3794400,-0.2952600,-0.1372000,-4.5468900,-0.2419400,-0.0218500,-4.0531000,-0.2970100,0.3407400,-4.1002000,-0.2696700,0.3999200,-4.2589400,-0.2219300,0.2887700,
7,0.1000000,-3.8496000,1.1277200,0.0981100,-3.9320400,1.1304800,0.2611400,-4.1452900,0.9186500,0.3837700,-4.0546300,0.7035300,0.4306100,-3.8716300,1.1291200,-0.0647000,-3.9976500,0.9037700,-0.1821000,-3.7916100,0.7475900,-0.0889200,-4.0482200,0.5868400,0.1242400,-4.0286100,0.5973700,0.2339500,-3.8929600,0.2352400,0.2889900,-4.1782600,-0.1832200,0.3081300,-4.0290600,0.5791900,0.0122900,-4.1767600,0.1851700,-0.0219300,-4.4770500,-0.2033300,-0.0324400,-4.3144500,-0.3091300,-0.0735500,-4.3808300,-0.2941000,-0.1360500,-4.5476200,-0.2276600,-0.0238400,-4.0534900,-0.2989100,0.3405100,-4.1003700,-0.2719200,0.4002800,-4.2744500,-0.2225000,0.2894900,
8,0.1166667,-3.8344000,1.1224700,0.1034100,-3.9087400,1.1214500,0.2686100,-4.1008800,0.9073300,0.3973100,-4.0190000,0.6828700,0.4412000,-3.8501100,1.1224100,-0.0617200,-3.9908800,0.9023300,-0.1761800,-3.7948000,0.7334100,-0.0905400,-4.0230200,0.5829600,0.1324700,-3.9999000,0.5938500,0.2425000,-3.8862300,0.2248900,0.2863100,-4.1813100,-0.1807600,0.3073500,-4.0115500,0.5769300,0.0187900,-4.1321000,0.1772600,-0.0116800,-4.4523800,-0.1782000,-0.0390500,-4.3118600,-0.2996100,-0.0720700,-4.3811500,-0.2804000,-0.1319000,-4.5414000,-0.2019600,-0.0262100,-4.0537500,-0.2959900,0.3407100,-4.1007700,-0.2728500,0.4003200,-4.2795200,-0.2202700,0.2917200,
9,0.1333333,-3.8276000,1.1154000,0.1059000,-3.8686400,1.1119700,0.2809900,-4.0596200,0.8976900,0.4119400,-3.9661300,0.6591400,0.4513800,-3.8185200,1.1177600,-0.0594700,-3.9817400,0.9009100,-0.1713700,-3.7976700,0.7209500,-0.0937300,-3.9844100,0.5829600,0.1443000,-3.9654000,0.5914400,0.2533200,-3.8797500,0.2140700,0.2833500,-4.1779300,-0.1790700,0.3081800,-3.9801700,0.5762600,0.0289800,-4.0772600,0.1723100,0.0009700,-4.4137800,-0.1466800,-0.0456500,-4.3070300,-0.2951600,-0.0705000,-4.3766300,-0.2686000,-0.1247200,-4.5198900,-0.1748000,-0.0251300,-4.0554200,-0.2937000,0.3404700,-4.1002600,-0.2737500,0.4002100,-4.2712600,-0.2174200,0.2962900,
10,0.1500000,-3.8191900,1.1085800,0.1079000,-3.8241900,1.1076600,0.2928000,-4.0185500,0.8872000,0.4263200,-3.8928900,0.6553000,0.4562000,-3.7801900,1.1128900,-0.0576100,-3.9645300,0.8978000,-0.1675300,-3.7955500,0.7114600,-0.0975800,-3.9454400,0.5826900,0.1545000,-3.9375300,0.5883400,0.2625300,-3.8745200,0.1997900,0.2813100,-4.1708400,-0.1784100,0.3104200,-3.9411000,0.5738700,0.0395200,-4.0198800,0.1661500,0.0129100,-4.3734300,-0.1202900,-0.0466900,-4.3032100,-0.2935400,-0.0694500,-4.3689700,-0.2547200,-0.1181500,-4.4898100,-0.1517500,-0.0191600,-4.0593700,-0.2930300,0.3395000,-4.1018000,-0.2748700,0.4013700,-4.2605100,-0.2134400,0.3030100,
11,0.1666667,-3.7980700,1.1038600,0.1116900,-3.7883100,1.1058700,0.2970900,-3.9627500,0.8708500,0.4374900,-3.8087100,0.6550700,0.4522000,-3.7424200,1.1101100,-0.0545900,-3.9378800,0.8965600,-0.1657000,-3.7860200,0.7090200,-0.1031900,-3.9170200,0.5808000,0.1589300,-3.9203300,0.5855000,0.2674700,-3.8723100,0.1861400,0.2808400,-4.1646200,-0.1845200,0.3123500,-3.9069200,0.5714200,0.0462000,-3.9554500,0.1619000,0.0241100,-4.3343300,-0.1023100,-0.0389200,-4.2928000,-0.2851000,-0.0644700,-4.3512100,-0.2393600,-0.1103500,-4.4595100,-0.1309100,-0.0100700,-4.0614300,-0.2937800,0.3388900,-4.1046700,-0.2762600,0.4032400,-4.2523900,-0.2165100,0.3088400,
12,0.1833333,-3.7602300,1.0993500,0.1190200,-3.7569900,1.1036100,0.2914800,-3.8921400,0.8561600,0.4413000,-3.7150500,0.6443900,0.4431200,-3.7099400,1.1066100,-0.0504200,-3.9062400,0.8974100,-0.1683600,-3.7654900,0.7058600,-0.1131100,-3.8937400,0.5753500,0.1570600,-3.9044000,0.5819500,0.2673900,-3.8726700,0.1736800,0.2819400,-4.1615000,-0.1945000,0.3131000,-3.8804100,0.5666300,0.0468300,-3.8772200,0.1578500,0.0349100,-4.2913200,-0.0845700,-0.0239400,-4.2576000,-0.2759500,-0.0491300,-4.3159400,-0.2250100,-0.0953200,-4.4216200,-0.1064300,0.0018500,-4.0583100,-0.2955100,0.3395300,-4.1069100,-0.2800400,0.4037900,-4.2445800,-0.2222400,0.3105900,
13,0.2000000,-3.7162000,1.0972000,0.1280800,-3.7214400,1.0989900,0.2801700,-3.8251200,0.8460200,0.4376400,-3.6164400,0.6477800,0.4307300,-3.6861900,1.1031400,-0.0469400,-3.8774400,0.8974200,-0.1750100,-3.7347500,0.7056900,-0.1261400,-3.8653500,0.5708500,0.1503400,-3.8817200,0.5795600,0.2632700,-3.8765200,0.1634600,0.2845500,-4.1606300,-0.2021400,0.3130100,-3.8541500,0.5628200,0.0419700,-3.7956600,0.1650900,0.0443100,-4.2421400,-0.0647300,-0.0059100,-4.2016800,-0.2585300,-0.0256800,-4.2656400,-0.2155500,-0.0720800,-4.3730500,-0.0837900,0.0156700,-4.0539400,-0.2984200,0.3404800,-4.1096000,-0.2862200,0.4017700,-4.2372500,-0.2254500,0.3084300,
14,0.2166667,-3.6797000,1.0965600,0.1338900,-3.6830100,1.0903600,0.2718200,-3.7761900,0.8375300,0.4322000,-3.5250900,0.6594300,0.4118200,-3.6703000,1.1005600,-0.0443700,-3.8554000,0.8981300,-0.1817100,-3.7011400,0.7048800,-0.1374700,-3.8329100,0.5681200,0.1433100,-3.8539700,0.5765500,0.2584300,-3.8821700,0.1525900,0.2877800,-4.1625000,-0.2051700,0.3121500,-3.8222700,0.5603600,0.0360800,-3.7191800,0.1736000,0.0530400,-4.1860600,-0.0533900,0.0128500,-4.1366100,-0.2384200,-0.0003400,-4.2035500,-0.2146800,-0.0436800,-4.3273100,-0.0629500,0.0297100,-4.0543200,-0.3004700,0.3404900,-4.1134800,-0.2896200,0.3980200,-4.2360300,-0.2261700,0.3049700,
15,0.2333333,-3.6512200,1.0978400,0.1323300,-3.6460400,1.0839400,0.2720400,-3.7453000,0.8328700,0.4293800,-3.4497900,0.6841400,0.3851400,-3.6566700,1.1016200,-0.0419600,-3.8349200,0.8980400,-0.1863400,-3.6748400,0.7041300,-0.1449800,-3.8013100,0.5620700,0.1410800,-3.8232200,0.5687100,0.2554400,-3.8866000,0.1413000,0.2897100,-4.1678100,-0.2065700,0.3101300,-3.7850100,0.5563200,0.0352400,-3.6574400,0.1913400,0.0611900,-4.1296300,-0.0432200,0.0313300,-4.0682300,-0.2299200,0.0271700,-4.1340400,-0.2101900,-0.0127900,-4.2806000,-0.0513800,0.0467000,-4.0568800,-0.3030100,0.3400100,-4.1173100,-0.2887200,0.3956900,-4.2387000,-0.2270500,0.3027900,
16,0.2500000,-3.6221000,1.1020400,0.1234100,-3.6122900,1.0834200,0.2779500,-3.7235000,0.8405600,0.4271500,-3.3859700,0.7197400,0.3535000,-3.6401800,1.1037600,-0.0407600,-3.8127100,0.9028200,-0.1903800,-3.6596300,0.7041800,-0.1497100,-3.7676900,0.5604900,0.1432200,-3.7873000,0.5638400,0.2536800,-3.8896500,0.1341200,0.2893900,-4.1732000,-0.2077100,0.3081200,-3.7453700,0.5550600,0.0406100,-3.6095200,0.2080000,0.0689300,-4.0747800,-0.0463400,0.0499200,-4.0081600,-0.2276500,0.0613100,-4.0544400,-0.2203000,0.0194400,-4.2163200,-0.0629800,0.0688000,-4.0563000,-0.3029600,0.3403800,-4.1207400,-0.2872700,0.3964200,-4.2359500,-0.2283100,0.3033100,
17,0.2666667,-3.5900700,1.1051900,0.1119000,-3.5813400,1.0912900,0.2822400,-3.6926700,0.8562600,0.4204900,-3.3307900,0.7567600,0.3221100,-3.6143700,1.1060500,-0.0433900,-3.7935900,0.9068400,-0.1948800,-3.6532700,0.7069000,-0.1525600,-3.7281900,0.5638200,0.1466900,-3.7457200,0.5625300,0.2533200,-3.8906200,0.1380000,0.2878900,-4.1752800,-0.2037400,0.3088000,-3.7085400,0.5621700,0.0478100,-3.5655100,0.2219000,0.0772800,-4.0193900,-0.0617400,0.0709700,-3.9604400,-0.2271600,0.1034500,-3.9736400,-0.2217000,0.0532200,-4.1411400,-0.0819600,0.0931600,-4.0528700,-0.2982200,0.3416500,-4.1244100,-0.2847800,0.3980300,-4.2241800,-0.2286800,0.3062100,
18,0.2833333,-3.5606100,1.1074200,0.1031900,-3.5469100,1.1024800,0.2795700,-3.6380300,0.8714200,0.4089800,-3.2883400,0.7873300,0.2974500,-3.5722000,1.1101700,-0.0510700,-3.7812100,0.9129800,-0.1986400,-3.6517800,0.7087300,-0.1533300,-3.6893300,0.5755400,0.1507100,-3.7061000,0.5740400,0.2557600,-3.8796400,0.1520700,0.2886400,-4.1748500,-0.1986500,0.3127200,-3.6790200,0.5722300,0.0531900,-3.5164600,0.2374700,0.0844600,-3.9556600,-0.0800700,0.0970000,-3.9059600,-0.2402100,0.1498600,-3.8859700,-0.2210800,0.0898400,-4.0674200,-0.0989400,0.1177100,-4.0454700,-0.3004300,0.3433600,-4.1224400,-0.2923200,0.3987400,-4.2121900,-0.2280200,0.3084000,
19,0.3000000,-3.5323900,1.1096400,0.0986800,-3.5032700,1.1126600,0.2693700,-3.5699800,0.8735800,0.3993900,-3.2604600,0.8126500,0.2821800,-3.5188100,1.1135500,-0.0608200,-3.7655300,0.9179000,-0.2005500,-3.6485900,0.7120500,-0.1530100,-3.6581300,0.5921500,0.1547000,-3.6735700,0.5936600,0.2599200,-3.8467800,0.1718300,0.2953900,-4.1788300,-0.1843600,0.3165300,-3.6576100,0.5878000,0.0556400,-3.4647400,0.2567300,0.0859400,-3.8795000,-0.0999700,0.1283400,-3.8314700,-0.2506200,0.1939600,-3.7914200,-0.2347800,0.1264600,-3.9931800,-0.1208000,0.1436400,-4.0301300,-0.3146200,0.3460900,-4.1114200,-0.3108300,0.4004200,-4.2093400,-0.2374700,0.3075200,
20,0.3166667,-3.4938700,1.1128400,0.0964500,-3.4553900,1.1192800,0.2569600,-3.5153100,0.8752800,0.3973800,-3.2390500,0.8288700,0.2719900,-3.4712000,1.1163600,-0.0671600,-3.7308300,0.9236400,-0.2024300,-3.6301800,0.7155700,-0.1539100,-3.6340500,0.6084400,0.1555800,-3.6464700,0.6113200,0.2619400,-3.7958300,0.1934900,0.3046000,-4.1799200,-0.1594600,0.3191600,-3.6352700,0.6016300,0.0535500,-3.4177400,0.2728700,0.0822000,-3.8040700,-0.1038300,0.1628000,-3.7438800,-0.2379300,0.2314000,-3.7095300,-0.2316600,0.1600000,-3.9177200,-0.1306500,0.1708900,-4.0176100,-0.3159900,0.3485200,-4.0986800,-0.3084900,0.4057700,-4.2271900,-0.2295200,0.3075300,
21,0.3333333,-3.4402900,1.1179400,0.0943700,-3.4143500,1.1209700,0.2494600,-3.4839900,0.8727000,0.4009300,-3.2159700,0.8298300,0.2616100,-3.4396700,1.1218000,-0.0680700,-3.6746500,0.9301700,-0.2062200,-3.5854600,0.7204800,-0.1561200,-3.6068500,0.6199200,0.1510500,-3.6148200,0.6216900,0.2591500,-3.7388900,0.2134300,0.3050800,-4.1636900,-0.1317900,0.3253900,-3.5992700,0.6128400,0.0457000,-3.3813700,0.2837200,0.0817800,-3.7349700,-0.1108000,0.1971200,-3.6531800,-0.2218700,0.2627100,-3.6406900,-0.2182200,0.1932900,-3.8424300,-0.1331300,0.1985400,-4.0164200,-0.3076700,0.3477200,-4.0806800,-0.2828700,0.4150900,-4.2629700,-0.1797600,0.3166200,
22,0.3500000,-3.3836500,1.1243200,0.0916300,-3.3815500,1.1221900,0.2493200,-3.4676800,0.8794900,0.4039700,-3.1971000,0.8215900,0.2514800,-3.4167100,1.1268900,-0.0680200,-3.6129600,0.9319000,-0.2092500,-3.5212500,0.7217000,-0.1560500,-3.5650300,0.6272500,0.1435200,-3.5668600,0.6290700,0.2535000,-3.6845200,0.2265500,0.2937900,-4.1281100,-0.1200500,0.3392900,-3.5462900,0.6183000,0.0369800,-3.3555400,0.2878600,0.0930700,-3.6774100,-0.1191000,0.2277700,-3.5736000,-0.2210600,0.2915300,-3.5811600,-0.2284500,0.2282200,-3.7791900,-0.1391400,0.2281300,-4.0231700,-0.3026600,0.3461200,-4.0495100,-0.2544500,0.4274100,-4.2762600,-0.1567300,0.3376300,
23,0.3666667,-3.3394800,1.1283800,0.0888000,-3.3463000,1.1255500,0.2535600,-3.4512300,0.8942300,0.4014900,-3.1951100,0.8092800,0.2463300,-3.3868400,1.1314100,-0.0735700,-3.5636900,0.9283400,-0.2070400,-3.4616700,0.7189000,-0.1504700,-3.5094200,0.6279900,0.1387300,-3.5045500,0.6340500,0.2492200,-3.6327100,0.2233600,0.2830200,-4.0906700,-0.1063600,0.3564600,-3.4892000,0.6156000,0.0351000,-3.3384900,0.2778800,0.1143700,-3.6328400,-0.1269900,0.2537600,-3.5232700,-0.2284400,0.3209200,-3.5468700,-0.2328500,0.2618900,-3.7401000,-0.1501600,0.2622000,-4.0258100,-0.3014700,0.3537300,-4.0093900,-0.2268500,0.4427400,-4.2553300,-0.1437700,0.3628400,
24,0.3833333,-3.3111300,1.1288800,0.0862400,-3.3022900,1.1300600,0.2566400,-3.4264900,0.9055500,0.3925400,-3.2120700,0.7944700,0.2506000,-3.3478200,1.1334600,-0.0853600,-3.5290400,0.9196900,-0.1998000,-3.4188000,0.7118000,-0.1384700,-3.4558500,0.6271300,0.1395300,-3.4481100,0.6368900,0.2478200,-3.5743900,0.2134800,0.2831500,-4.0462000,-0.0930400,0.3698700,-3.4436200,0.6135500,0.0405900,-3.3340100,0.2560100,0.1364800,-3.6077400,-0.1321900,0.2763200,-3.5006600,-0.2444100,0.3503000,-3.5144000,-0.2572800,0.2916600,-3.7226000,-0.1672600,0.2974200,-4.0137200,-0.2934900,0.3776700,-3.9631700,-0.2073600,0.4615300,-4.2013500,-0.1270700,0.3803200,
25,0.4000000,-3.2908900,1.1282100,0.0832500,-3.2551100,1.1340300,0.2538600,-3.3960900,0.9116700,0.3827300,-3.2333600,0.7762200,0.2645000,-3.3132900,1.1301600,-0.0970300,-3.4937300,0.9066500,-0.1922000,-3.3784000,0.6936400,-0.1217800,-3.4161900,0.6238200,0.1433700,-3.4124400,0.6352200,0.2483100,-3.4962100,0.2128600,0.2903500,-3.9853700,-0.0736300,0.3788700,-3.4123400,0.6106100,0.0469000,-3.3424100,0.2331600,0.1530000,-3.5981700,-0.1343200,0.2995800,-3.4917700,-0.2548100,0.3747400,-3.4858700,-0.2655200,0.3129300,-3.7116600,-0.1753800,0.3269700,-3.9716500,-0.2821600,0.4119300,-3.9116800,-0.1939900,0.4821100,-4.1257200,-0.0970500,0.3853600,
26,0.4166667,-3.2688900,1.1275000,0.0783700,-3.2141300,1.1339600,0.2461600,-3.3626600,0.9112200,0.3805600,-3.2408300,0.7590700,0.2823900,-3.2871000,1.1258200,-0.1031500,-3.4401600,0.8934700,-0.1889600,-3.3276200,0.6879000,-0.1039200,-3.3868600,0.6174400,0.1448900,-3.3893100,0.6298100,0.2477600,-3.4014600,0.2228300,0.2966100,-3.9097600,-0.0473400,0.3895800,-3.3875500,0.6023900,0.0479100,-3.3529100,0.2135500,0.1633600,-3.5827300,-0.1384300,0.3251700,-3.4827000,-0.2645100,0.3889600,-3.4646800,-0.2688000,0.3224400,-3.6760600,-0.1829900,0.3503300,-3.8913000,-0.2654800,0.4419700,-3.8517100,-0.1871100,0.5013200,-4.0257300,-0.0659700,0.3882600,
27,0.4333333,-3.2377100,1.1272000,0.0704900,-3.1856300,1.1311000,0.2393000,-3.3290800,0.9096000,0.3874600,-3.2271900,0.7403500,0.2989300,-3.2520500,1.1214700,-0.1052300,-3.3699800,0.8839500,-0.1913000,-3.2652100,0.6922300,-0.0849800,-3.3579800,0.6109500,0.1399000,-3.3599500,0.6237200,0.2417900,-3.3108900,0.2269000,0.2999200,-3.8052000,-0.0745000,0.4046900,-3.3605400,0.5967400,0.0417000,-3.3539100,0.2021300,0.1702400,-3.5583700,-0.1397100,0.3461200,-3.4791900,-0.2730600,0.3923700,-3.4562000,-0.2719600,0.3229300,-3.6238500,-0.1754900,0.3679000,-3.7786500,-0.2475600,0.4604100,-3.7762300,-0.1912700,0.5157600,-3.8939500,-0.0795100,0.4018100,
28,0.4500000,-3.1961100,1.1240100,0.0620000,-3.1693400,1.1270800,0.2363200,-3.3031700,0.9072700,0.3955900,-3.1987600,0.7280600,0.3135100,-3.1962900,1.1171700,-0.1076800,-3.3001800,0.8678100,-0.1953500,-3.1947700,0.7047100,-0.0652200,-3.3244700,0.6008800,0.1286500,-3.3159600,0.6134400,0.2305800,-3.2364600,0.2362000,0.3003600,-3.7077100,-0.0429900,0.4174000,-3.3266500,0.5883300,0.0302400,-3.3361500,0.1884700,0.1780800,-3.5442200,-0.1447700,0.3567200,-3.4754300,-0.2779500,0.3891400,-3.4560200,-0.2761800,0.3221100,-3.5878500,-0.1728900,0.3768200,-3.6455500,-0.2351600,0.4691400,-3.6748900,-0.1973700,0.5210000,-3.7738600,-0.0882600,0.4224800,
29,0.4666667,-3.1491700,1.1164800,0.0577200,-3.1561100,1.1225300,0.2336200,-3.2874800,0.9029900,0.3976400,-3.1660800,0.7212800,0.3263200,-3.1339300,1.1127200,-0.1111400,-3.2370500,0.8516100,-0.1979500,-3.1152200,0.7239600,-0.0496500,-3.2878000,0.5925600,0.1161500,-3.2659600,0.6086100,0.2206300,-3.1589900,0.2503800,0.2977400,-3.5933000,-0.0485500,0.4207800,-3.2898400,0.5791600,0.0177700,-3.3047300,0.1856200,0.1880700,-3.5512100,-0.1567400,0.3609200,-3.4524300,-0.2733400,0.3840500,-3.4650800,-0.2765500,0.3277000,-3.5909900,-0.1769200,0.3771600,-3.5156100,-0.1797700,0.4705000,-3.5588600,-0.1418700,0.5155300,-3.6852600,-0.0698300,0.4357000,
30,0.4833333,-3.1000100,1.1086500,0.0573400,-3.1327300,1.1170900,0.2256100,-3.2724600,0.9014500,0.3950900,-3.1364100,0.7201600,0.3371400,-3.0841800,1.1071500,-0.1140600,-3.1708000,0.8455300,-0.2010800,-3.0264900,0.7488600,-0.0411300,-3.2461900,0.5886300,0.1068700,-3.2187800,0.6117000,0.2155800,-3.0749400,0.2679200,0.2936600,-3.4768000,-0.0563800,0.4145700,-3.2530100,0.5719900,0.0069100,-3.2673600,0.1959900,0.1940400,-3.5652100,-0.1670700,0.3632400,-3.4260200,-0.2445000,0.3819700,-3.4918700,-0.2652600,0.3417900,-3.6186800,-0.1883600,0.3747900,-3.3614200,-0.1813300,0.4651500,-3.3976800,-0.1484100,0.5030000,-3.5814500,-0.0954000,0.4323100,
31,0.5000000,-3.0488600,1.1048300,0.0540800,-3.0960600,1.1126900,0.2122200,-3.2477600,0.9023000,0.3947500,-3.1043700,0.7196900,0.3482400,-3.0427600,1.1026800,-0.1172300,-3.0974500,0.8401200,-0.2070000,-2.9368400,0.7709200,-0.0351300,-3.1938600,0.5908700,0.1001300,-3.1707400,0.6200100,0.2106900,-3.0030000,0.2819600,0.2916000,-3.3509400,-0.0699900,0.4022600,-3.2113600,0.5714900,-0.0033400,-3.2270900,0.2101800,0.1885800,-3.5630900,-0.1735900,0.3607100,-3.4101600,-0.2534400,0.3873900,-3.5131300,-0.2751400,0.3552400,-3.6478700,-0.1972200,0.3730900,-3.2102800,-0.1877800,0.4531000,-3.2318600,-0.1701400,0.4884400,-3.4641200,-0.0952400,0.4164600,
32,0.5166667,-3.0022600,1.1055200,0.0452100,-3.0552500,1.1102300,0.2012300,-3.2124600,0.9047000,0.4002600,-3.0617100,0.7224200,0.3603700,-2.9927100,1.0998100,-0.1215700,-3.0270300,0.8392500,-0.2161900,-2.8573700,0.7852000,-0.0303000,-3.1335400,0.5993100,0.0933900,-3.1166600,0.6345100,0.2012900,-2.9419500,0.2900900,0.2924600,-3.2157300,-0.0818000,0.3891000,-3.1598400,0.5747600,-0.0130500,-3.1867700,0.2158900,0.1734100,-3.5401000,-0.1752500,0.3492700,-3.4297300,-0.2591700,0.3952800,-3.5142900,-0.2819700,0.3540600,-3.6536500,-0.2143100,0.3697000,-3.0602500,-0.2089300,0.4290800,-3.0852500,-0.1733300,0.4712000,-3.3263200,-0.1087000,0.3977400,
33,0.5333333,-2.9676200,1.1032700,0.0372500,-3.0147600,1.1083600,0.1997600,-3.1713700,0.9085000,0.4085500,-3.0058700,0.7291300,0.3692300,-2.9340700,1.0956200,-0.1244500,-2.9671900,0.8395800,-0.2280800,-2.7922800,0.8003800,-0.0337600,-3.0786400,0.6062200,0.0853100,-3.0638100,0.6425700,0.1891800,-2.8795800,0.2996300,0.2921000,-3.0851500,-0.0955100,0.3793200,-3.1030400,0.5773400,-0.0211000,-3.1530100,0.2096200,0.1576900,-3.5089300,-0.1658800,0.3316600,-3.4569500,-0.2663700,0.3977500,-3.4992900,-0.2734400,0.3404100,-3.6369500,-0.1999900,0.3585400,-2.9306900,-0.2190500,0.3965800,-2.9511700,-0.1970200,0.4514800,-3.1813400,-0.1468000,0.3833900,
34,0.5500000,-2.9374900,1.1020100,0.0353400,-2.9683500,1.1042000,0.2036100,-3.1261400,0.9098400,0.4129000,-2.9348100,0.7306800,0.3708700,-2.8803000,1.0971600,-0.1239000,-2.9172200,0.8414200,-0.2415500,-2.7405100,0.8114700,-0.0472400,-3.0353100,0.6088200,0.0741600,-3.0231500,0.6422000,0.1763800,-2.8213200,0.3061100,0.2871100,-2.9737800,-0.1177500,0.3726000,-3.0471700,0.5795600,-0.0294200,-3.1245800,0.1981700,0.1458300,-3.4740700,-0.1431700,0.3127900,-3.4621700,-0.2820500,0.3938400,-3.4762000,-0.2785200,0.3289100,-3.5920800,-0.1637300,0.3373800,-2.8295700,-0.2337000,0.3723400,-2.8548500,-0.2007300,0.4380100,-3.0573200,-0.1660800,0.3742900,
35,0.5666667,-2.8950700,1.0994800,0.0360400,-2.9146100,1.0967700,0.2017300,-3.0688700,0.8968700,0.4102800,-2.8530900,0.7271300,0.3662000,-2.8343700,1.1049000,-0.1237100,-2.8732400,0.8514400,-0.2567500,-2.6996100,0.8135900,-0.0641400,-2.9953200,0.6103800,0.0592900,-2.9895900,0.6358800,0.1622500,-2.7766200,0.3066000,0.2784600,-2.8879300,-0.1387100,0.3670700,-2.9935900,0.5850400,-0.0409000,-3.0875600,0.1902100,0.1340800,-3.4319300,-0.1082800,0.2922900,-3.4445200,-0.2711100,0.3884800,-3.4634300,-0.2610600,0.3240900,-3.5353800,-0.1146300,0.3080500,-2.7555200,-0.2524000,0.3696400,-2.7804100,-0.2254500,0.4386600,-2.9556300,-0.1921000,0.3681200,
36,0.5833333,-2.8390700,1.0978000,0.0343500,-2.8649300,1.0884800,0.1914400,-2.9921700,0.8781300,0.4044900,-2.7687700,0.7229200,0.3589400,-2.7909100,1.1096100,-0.1291000,-2.8353400,0.8587700,-0.2734900,-2.6599800,0.8051200,-0.0810600,-2.9509600,0.6041800,0.0433800,-2.9522000,0.6264100,0.1479300,-2.7402600,0.3050300,0.2677700,-2.8221700,-0.1649100,0.3655000,-2.9417700,0.5822100,-0.0547800,-3.0257300,0.1768000,0.1206500,-3.3964400,-0.0790400,0.2698500,-3.3917800,-0.2484700,0.3791600,-3.4351800,-0.2352100,0.3154300,-3.4995700,-0.0762500,0.2782600,-2.7012800,-0.2574300,0.3852000,-2.7279600,-0.2482700,0.4509100,-2.8942300,-0.2096900,0.3647800,
37,0.6000000,-2.7861400,1.0916800,0.0303900,-2.8281800,1.0782600,0.1804100,-2.9049500,0.8605700,0.3972200,-2.6798300,0.7174600,0.3504200,-2.7515400,1.1081200,-0.1385300,-2.8050700,0.8625700,-0.2900400,-2.6138900,0.7864100,-0.1003400,-2.9038300,0.5973200,0.0286300,-2.9088600,0.6180900,0.1356600,-2.7034400,0.2920600,0.2562800,-2.7841000,-0.1737100,0.3701300,-2.8942300,0.5771200,-0.0692800,-2.9364500,0.1622900,0.1060100,-3.3850500,-0.0689900,0.2462100,-3.3028700,-0.2096600,0.3463800,-3.3665200,-0.1980500,0.2858000,-3.4977800,-0.0752400,0.2577400,-2.6567500,-0.2577600,0.4052300,-2.7008800,-0.2498500,0.4632700,-2.8723800,-0.2274500,0.3665300,
38,0.6166667,-2.7462600,1.0836300,0.0245700,-2.7953000,1.0700400,0.1739200,-2.8246300,0.8502100,0.3826300,-2.5841600,0.7118000,0.3371300,-2.7179400,1.0989500,-0.1462700,-2.7757300,0.8656700,-0.3055700,-2.5676200,0.7574400,-0.1263800,-2.8564100,0.5910200,0.0153900,-2.8616000,0.6091600,0.1252000,-2.6687200,0.2679300,0.2473500,-2.7680100,-0.1714600,0.3760000,-2.8510000,0.5683200,-0.0834300,-2.8277500,0.1504400,0.0852000,-3.3659900,-0.0487700,0.2107700,-3.1915900,-0.1448700,0.2776000,-3.2593800,-0.1397000,0.2296300,-3.4985800,-0.0475500,0.2349100,-2.6296800,-0.2517000,0.4185900,-2.6889300,-0.2497400,0.4690400,-2.8741000,-0.2332400,0.3705800,
39,0.6333333,-2.7107500,1.0787100,0.0145800,-2.7497100,1.0638600,0.1696100,-2.7510900,0.8380900,0.3568400,-2.4870100,0.7116700,0.3161700,-2.6807500,1.0911000,-0.1513100,-2.7430800,0.8691000,-0.3200900,-2.5329000,0.7221900,-0.1631400,-2.8122500,0.5793800,0.0042500,-2.8131900,0.5957500,0.1159200,-2.6413800,0.2498500,0.2445200,-2.7625600,-0.1663900,0.3774000,-2.8102000,0.5563400,-0.0973300,-2.7209600,0.1503500,0.0537100,-3.2808100,0.0004200,0.1518000,-3.0780800,-0.1009600,0.1951600,-3.1373500,-0.0988500,0.1648800,-3.4079600,-0.0170400,0.1838100,-2.6195500,-0.2467100,0.4232100,-2.6869900,-0.2475600,0.4698300,-2.8714000,-0.2322100,0.3685100,
40,0.6500000,-2.6710600,1.0724500,0.0006100,-2.6914100,1.0583200,0.1634800,-2.6768700,0.8335400,0.3240100,-2.3894400,0.7132500,0.2906800,-2.6327300,1.0865300,-0.1571800,-2.7093000,0.8709900,-0.3336200,-2.5125600,0.6976200,-0.2092600,-2.7709200,0.5673100,-0.0056200,-2.7645900,0.5788800,0.1070000,-2.6195300,0.2437800,0.2472900,-2.7585800,-0.1667300,0.3751200,-2.7656100,0.5481000,-0.1117800,-2.6277300,0.1546600,0.0154600,-3.1335700,0.0276100,0.0821800,-2.9974700,-0.0831000,0.1329100,-3.0380300,-0.0825500,0.1112200,-3.2427900,0.0395100,0.1066400,-2.6174700,-0.2444600,0.4232900,-2.6879200,-0.2472600,0.4692900,-2.8587800,-0.2318800,0.3587000,
41,0.6666667,-2.6292100,1.0627200,-0.0140200,-2.6339000,1.0555700,0.1533000,-2.6052000,0.8386000,0.2911400,-2.2930500,0.7158800,0.2639500,-2.5807500,1.0798500,-0.1659800,-2.6716200,0.8760700,-0.3485200,-2.4981500,0.6780700,-0.2585300,-2.7261800,0.5639900,-0.0171200,-2.7156300,0.5734600,0.0949200,-2.5998400,0.2417500,0.2514400,-2.7567700,-0.1698800,0.3725100,-2.7135800,0.5429700,-0.1267900,-2.5432100,0.1678100,-0.0250100,-3.0049100,0.0514300,0.0243100,-2.9332900,-0.1109900,0.0948900,-2.9569200,-0.0970600,0.0645300,-3.0875100,0.0799600,0.0366900,-2.6185900,-0.2442700,0.4228400,-2.6888100,-0.2476300,0.4690100,-2.8516700,-0.2314900,0.3496000,
42,0.6833333,-2.5839800,1.0593100,-0.0286300,-2.5826000,1.0566300,0.1381300,-2.5390200,0.8350900,0.2621900,-2.2075300,0.7233100,0.2351800,-2.5314300,1.0774600,-0.1783200,-2.6262500,0.8822300,-0.3668900,-2.4845000,0.6649600,-0.3074200,-2.6764900,0.5533800,-0.0323700,-2.6668800,0.5676300,0.0774800,-2.5806700,0.2399900,0.2522000,-2.7583000,-0.1742900,0.3708900,-2.6608900,0.5374600,-0.1428400,-2.4577900,0.1899300,-0.0678000,-2.9120400,0.0500500,-0.0191600,-2.8616700,-0.1258100,0.0532800,-2.8740300,-0.1118400,0.0065800,-2.9862100,0.0796900,-0.0130000,-2.6209900,-0.2468600,0.4221400,-2.6885600,-0.2489200,0.4690200,-2.8549000,-0.2358400,0.3478100,
43,0.7000000,-2.5285500,1.0581100,-0.0445200,-2.5331700,1.0548500,0.1191800,-2.4766100,0.8389900,0.2376400,-2.1415700,0.7335700,0.2045700,-2.4809900,1.0775000,-0.1948400,-2.5790800,0.8861200,-0.3888400,-2.4675300,0.6623600,-0.3565500,-2.6334000,0.5528300,-0.0526600,-2.6259600,0.5669000,0.0560700,-2.5587300,0.2376800,0.2469800,-2.7610700,-0.1790000,0.3702000,-2.6161100,0.5429600,-0.1628700,-2.3748200,0.2175300,-0.1153000,-2.8255400,0.0414600,-0.0634300,-2.7604300,-0.1303000,-0.0106400,-2.7731800,-0.1220700,-0.0663000,-2.9166600,0.0581900,-0.0573400,-2.6219200,-0.2492500,0.4203900,-2.6880600,-0.2496400,0.4690000,-2.8624900,-0.2420000,0.3510600,
44,0.7166667,-2.4650100,1.0593900,-0.0626200,-2.4821100,1.0560700,0.0975300,-2.4159900,0.8408800,0.2155100,-2.0930500,0.7433500,0.1752000,-2.4273400,1.0753400,-0.2151900,-2.5390700,0.8905900,-0.4160800,-2.4410500,0.6609100,-0.4053300,-2.5984800,0.5570400,-0.0771900,-2.5953300,0.5704800,0.0330800,-2.5353400,0.2358200,0.2370500,-2.7638600,-0.1816900,0.3700300,-2.5767700,0.5510300,-0.1880000,-2.3025600,0.2459900,-0.1688100,-2.7192200,0.0321600,-0.1171300,-2.6388800,-0.1310800,-0.0914500,-2.6595300,-0.1175400,-0.1461100,-2.8361700,0.0208300,-0.1074200,-2.6207600,-0.2500200,0.4186300,-2.6880700,-0.2490000,0.4688800,-2.8679200,-0.2453800,0.3541100,
45,0.7333333,-2.4034400,1.0612900,-0.0845100,-2.4284000,1.0560200,0.0728000,-2.3587000,0.8427400,0.1936900,-2.0504900,0.7469700,0.1504900,-2.3751200,1.0748200,-0.2384800,-2.5085000,0.8947000,-0.4498100,-2.4107400,0.6706200,-0.4520000,-2.5666900,0.5682100,-0.1037500,-2.5718700,0.5746600,0.0092700,-2.5161400,0.2362500,0.2251900,-2.7672500,-0.1798500,0.3692700,-2.5423000,0.5690800,-0.2157400,-2.2407400,0.2790000,-0.2250300,-2.6055800,0.0263200,-0.1771300,-2.5057300,-0.1354600,-0.1761600,-2.5340200,-0.1199000,-0.2279200,-2.7368500,-0.0016000,-0.1634000,-2.6198700,-0.2496100,0.4179200,-2.6883300,-0.2488200,0.4688700,-2.8681800,-0.2443300,0.3540700,
46,0.7500000,-2.3484100,1.0656700,-0.1117600,-2.3725300,1.0594100,0.0448600,-2.3027200,0.8463100,0.1742700,-2.0042400,0.7516100,0.1334900,-2.3262700,1.0732300,-0.2650200,-2.4811700,0.9049100,-0.4854900,-2.3816600,0.6791900,-0.4975700,-2.5315300,0.5829600,-0.1304000,-2.5482400,0.5823800,-0.0158600,-2.5009600,0.2345500,0.2107500,-2.7685200,-0.1733500,0.3661600,-2.5102700,0.5834200,-0.2425700,-2.1804000,0.3158100,-0.2782800,-2.4986000,0.0028400,-0.2398200,-2.3684700,-0.1382800,-0.2609600,-2.4083000,-0.1172700,-0.3127400,-2.6146800,-0.0340400,-0.2237300,-2.6202800,-0.2492000,0.4181300,-2.6898700,-0.2475200,0.4692400,-2.8612800,-0.2392200,0.3499400,
47,0.7666667,-2.2971500,1.0683200,-0.1433300,-2.3136600,1.0613900,0.0146900,-2.2464200,0.8475200,0.1596500,-1.9511500,0.7497700,0.1256400,-2.2803800,1.0750000,-0.2962300,-2.4460000,0.9171500,-0.5170100,-2.3532300,0.6920000,-0.5453600,-2.4906500,0.5924200,-0.1563600,-2.5156500,0.5878800,-0.0419500,-2.4873200,0.2327400,0.1899100,-2.7615800,-0.1640200,0.3577500,-2.4790700,0.6006100,-0.2680700,-2.1208600,0.3511900,-0.3279200,-2.3995700,-0.0204400,-0.3059400,-2.2378900,-0.1395600,-0.3496900,-2.2833000,-0.1221600,-0.4010200,-2.4847500,-0.0578800,-0.2869800,-2.6205400,-0.2514400,0.4192700,-2.6908500,-0.2476800,0.4698900,-2.8474800,-0.2282600,0.3417800,
48,0.7833333,-2.2486100,1.0720000,-0.1765500,-2.2537000,1.0660800,-0.0162800,-2.1930200,0.8517600,0.1467600,-1.8987400,0.7505600,0.1238200,-2.2379500,1.0804800,-0.3323400,-2.4010700,0.9316300,-0.5453900,-2.3237900,0.7046100,-0.5934900,-2.4472100,0.6024700,-0.1813800,-2.4739400,0.5909000,-0.0678100,-2.4699800,0.2273100,0.1619500,-2.7451600,-0.1513100,0.3416400,-2.4426700,0.6093300,-0.2924700,-2.0706700,0.3761200,-0.3760100,-2.2950900,-0.0303100,-0.3740700,-2.1205300,-0.1292800,-0.4431600,-2.1686400,-0.1130600,-0.4899200,-2.3543700,-0.0801300,-0.3491700,-2.6206900,-0.2518100,0.4209400,-2.6888100,-0.2449800,0.4689600,-2.8295100,-0.2111800,0.3304600,
49,0.8000000,-2.1999600,1.0736700,-0.2099700,-2.1966400,1.0702500,-0.0467700,-2.1460700,0.8552700,0.1317700,-1.8541600,0.7544700,0.1227400,-2.1957900,1.0816300,-0.3704500,-2.3546500,0.9366800,-0.5759300,-2.2926000,0.7123000,-0.6382900,-2.4012800,0.6083400,-0.2050000,-2.4269700,0.5943400,-0.0928600,-2.4440400,0.2173600,0.1308500,-2.7258200,-0.1399100,0.3200300,-2.3999400,0.6177000,-0.3161500,-2.0328700,0.3950300,-0.4217900,-2.1786300,-0.0409600,-0.4418500,-2.0028500,-0.1204200,-0.5333700,-2.0564100,-0.1048700,-0.5722500,-2.2315300,-0.0890400,-0.4121900,-2.6186000,-0.2486900,0.4196800,-2.6769800,-0.2387000,0.4624800,-2.8094800,-0.1900900,0.3165000,
50,0.8166667,-2.1463500,1.0733800,-0.2433200,-2.1405300,1.0722100,-0.0785400,-2.1048900,0.8596600,0.1154700,-1.8171400,0.7527400,0.1206100,-2.1499500,1.0845100,-0.4056700,-2.3138000,0.9315800,-0.6109100,-2.2561600,0.7169100,-0.6798000,-2.3534600,0.6158300,-0.2277700,-2.3765500,0.5982200,-0.1175600,-2.4117000,0.2129500,0.1004900,-2.7104900,-0.1304300,0.2969900,-2.3516300,0.6195100,-0.3395500,-1.9980700,0.4045400,-0.4644300,-2.0670900,-0.0391300,-0.5115800,-1.8858500,-0.0988000,-0.6155100,-1.9453500,-0.0878200,-0.6476500,-2.1115200,-0.0970800,-0.4808800,-2.6113600,-0.2447400,0.4083800,-2.6513300,-0.2287700,0.4457800,-2.7889000,-0.1669900,0.3004500,
51,0.8333333,-2.0906400,1.0744200,-0.2755900,-2.0798500,1.0741300,-0.1131400,-2.0627100,0.8674200,0.1001000,-1.7811100,0.7465500,0.1192600,-2.1019700,1.0841200,-0.4364500,-2.2771200,0.9332600,-0.6478200,-2.2160400,0.7185300,-0.7198900,-2.3026200,0.6123600,-0.2504000,-2.3233800,0.5960900,-0.1414800,-2.3752900,0.2071700,0.0717800,-2.6943200,-0.1187900,0.2733900,-2.3053200,0.6189800,-0.3639500,-1.9627700,0.4034900,-0.5059800,-1.9667600,-0.0347000,-0.5833500,-1.7709100,-0.0800100,-0.6905800,-1.8333300,-0.0722200,-0.7202000,-1.9948600,-0.1038800,-0.5550100,-2.6000100,-0.2345300,0.3812000,-2.6188900,-0.2150800,0.4169900,-2.7718400,-0.1444200,0.2829600,
52,0.8500000,-2.0393800,1.0751600,-0.3076400,-2.0175200,1.0765900,-0.1479300,-2.0170500,0.8708700,0.0850000,-1.7405900,0.7420600,0.1178900,-2.0581800,1.0792100,-0.4670100,-2.2387400,0.9304200,-0.6822500,-2.1765200,0.7141600,-0.7591600,-2.2520600,0.6085400,-0.2732600,-2.2699900,0.5926400,-0.1637400,-2.3405300,0.2065500,0.0426700,-2.6718600,-0.1065000,0.2489300,-2.2656600,0.6133900,-0.3902200,-1.9303100,0.3984200,-0.5454400,-1.8760500,-0.0425300,-0.6528400,-1.6677000,-0.0641700,-0.7593800,-1.7326800,-0.0543700,-0.7900100,-1.8893200,-0.1051100,-0.6280100,-2.5800400,-0.2296700,0.3396500,-2.5922300,-0.2056500,0.3785600,-2.7625800,-0.1238200,0.2620100,
53,0.8666667,-1.9950100,1.0733000,-0.3427200,-1.9621300,1.0758100,-0.1819900,-1.9735300,0.8790900,0.0675100,-1.6996800,0.7425500,0.1121700,-2.0225500,1.0756900,-0.5004300,-2.2005200,0.9285200,-0.7128700,-2.1385300,0.7062800,-0.7975000,-2.2019100,0.5995700,-0.2959500,-2.2168800,0.5851400,-0.1854400,-2.3081300,0.2023400,0.0114200,-2.6500600,-0.0970200,0.2224300,-2.2296200,0.6096400,-0.4174800,-1.8973200,0.3811500,-0.5791900,-1.7980600,-0.0486000,-0.7152700,-1.5813100,-0.0503000,-0.8173500,-1.6483800,-0.0457600,-0.8491100,-1.7969400,-0.1219600,-0.6932600,-2.5599800,-0.2253900,0.2905600,-2.5796700,-0.2002500,0.3341100,-2.7566100,-0.1088000,0.2343000,
54,0.8833333,-1.9571100,1.0696500,-0.3810800,-1.9154300,1.0685100,-0.2187700,-1.9311800,0.8804500,0.0471000,-1.6637900,0.7374800,0.0992500,-1.9903700,1.0690500,-0.5343500,-2.1663100,0.9197900,-0.7415500,-2.1019100,0.6971000,-0.8358000,-2.1524200,0.5903700,-0.3184800,-2.1648300,0.5791400,-0.2094600,-2.2787800,0.1935600,-0.0216400,-2.6324400,-0.0929700,0.1896000,-2.1872200,0.5961100,-0.4434600,-1.8654100,0.3606400,-0.6100800,-1.7308000,-0.0506100,-0.7667100,-1.5127200,-0.0397900,-0.8621100,-1.5810100,-0.0390000,-0.8932200,-1.7298900,-0.1186500,-0.7495500,-2.5456000,-0.2314500,0.2416400,-2.5761900,-0.1956100,0.2869900,-2.7442200,-0.1015200,0.1998300,
55,0.9000000,-1.9207500,1.0622300,-0.4184400,-1.8726000,1.0572300,-0.2576800,-1.8893300,0.8849400,0.0246600,-1.6327400,0.7316800,0.0777800,-1.9556500,1.0634000,-0.5654000,-2.1352600,0.9119700,-0.7699300,-2.0639200,0.6894400,-0.8749800,-2.1008400,0.5787400,-0.3416700,-2.1111900,0.5653500,-0.2357500,-2.2480700,0.1777300,-0.0541200,-2.6129000,-0.0926500,0.1494900,-2.1367900,0.5888800,-0.4679600,-1.8356100,0.3369500,-0.6423500,-1.6749500,-0.0593600,-0.8070500,-1.4624500,-0.0444900,-0.8968500,-1.5269600,-0.0451400,-0.9256400,-1.6744100,-0.1298100,-0.7949500,-2.5400600,-0.2375600,0.1968000,-2.5683300,-0.1978500,0.2416400,-2.7214300,-0.0975300,0.1598600,
56,0.9166667,-1.8797400,1.0502400,-0.4504900,-1.8301000,1.0465600,-0.2931900,-1.8506200,0.8835800,-0.0005000,-1.6034100,0.7216300,0.0479600,-1.9187400,1.0543500,-0.5937100,-2.1008400,0.8962200,-0.7973200,-2.0228700,0.6876100,-0.9143900,-2.0443900,0.5616300,-0.3664900,-2.0568100,0.5473800,-0.2616200,-2.2140100,0.1620100,-0.0852300,-2.5907900,-0.0887800,0.1069600,-2.0786600,0.5724100,-0.4917200,-1.8033700,0.3149500,-0.6748500,-1.6333700,-0.0838500,-0.8397200,-1.4331200,-0.0675500,-0.9288800,-1.4908200,-0.0678900,-0.9560100,-1.6393200,-0.1483300,-0.8292900,-2.5342300,-0.2407500,0.1553200,-2.5559500,-0.1920000,0.2008900,-2.6892800,-0.0928100,0.1138000,
57,0.9333333,-1.8352400,1.0400900,-0.4773400,-1.7857800,1.0353300,-0.3247500,-1.8174800,0.8876700,-0.0297200,-1.5771900,0.7146800,0.0113100,-1.8827900,1.0391200,-0.6222500,-2.0611900,0.8860800,-0.8236800,-1.9819900,0.6850400,-0.9524300,-1.9876000,0.5463600,-0.3916200,-2.0031200,0.5319900,-0.2859100,-2.1773200,0.1462000,-0.1179600,-2.5666100,-0.0876700,0.0642000,-2.0209700,0.5538500,-0.5155100,-1.7621800,0.3018400,-0.7051400,-1.6073500,-0.1054700,-0.8676500,-1.4206800,-0.1112300,-0.9641200,-1.4746400,-0.1015100,-0.9919100,-1.6206600,-0.1900700,-0.8511200,-2.5204700,-0.2441000,0.1156200,-2.5377600,-0.1894300,0.1632500,-2.6527700,-0.0839400,0.0631500,
58,0.9500000,-1.7910600,1.0234800,-0.5027900,-1.7394000,1.0261100,-0.3556500,-1.7837000,0.8895100,-0.0609000,-1.5513000,0.7108600,-0.0320100,-1.8494800,1.0187600,-0.6524100,-2.0193900,0.8673200,-0.8501200,-1.9426700,0.6808600,-0.9871700,-1.9353200,0.5299100,-0.4147100,-1.9475200,0.5120200,-0.3101600,-2.1398000,0.1272600,-0.1551900,-2.5399100,-0.0837700,0.0202500,-1.9693800,0.5381300,-0.5394100,-1.7084900,0.2913000,-0.7350300,-1.5885100,-0.1304400,-0.8899900,-1.4157300,-0.1692000,-1.0008000,-1.4649600,-0.1519600,-1.0277500,-1.6232200,-0.2077900,-0.8645500,-2.5008600,-0.2408500,0.0761200,-2.5179900,-0.1915500,0.1239000,-2.6197100,-0.0739800,0.0132400,
59,0.9666667,-1.7501100,1.0057200,-0.5296200,-1.6954200,1.0112300,-0.3849100,-1.7455700,0.8862400,-0.0920000,-1.5208600,0.7081900,-0.0826300,-1.8171300,0.9969300,-0.6825800,-1.9825800,0.8479600,-0.8775000,-1.9024900,0.6725200,-1.0177700,-1.8877400,0.5121100,-0.4364000,-1.8932400,0.4960600,-0.3361600,-2.1028600,0.1082600,-0.1935500,-2.5100700,-0.0716000,-0.0240100,-1.9235700,0.5292200,-0.5628800,-1.6498400,0.2907100,-0.7660000,-1.5809100,-0.1501000,-0.9068000,-1.4121700,-0.2123500,-1.0297800,-1.4605500,-0.1783300,-1.0536700,-1.6262100,-0.2224400,-0.8725500,-2.4738300,-0.2338900,0.0322900,-2.4943600,-0.1901400,0.0799900,-2.5945700,-0.0677100,-0.0335500,
60,0.9833333,-1.7143300,0.9871200,-0.5574400,-1.6566000,0.9906200,-0.4109900,-1.7049300,0.8767400,-0.1235600,-1.4834100,0.7028800,-0.1381700,-1.7824100,0.9832500,-0.7097900,-1.9518800,0.8364600,-0.9049400,-1.8612500,0.6604500,-1.0479700,-1.8442000,0.4974500,-0.4583700,-1.8453500,0.4859600,-0.3618900,-2.0618700,0.0923700,-0.2293100,-2.4759900,-0.0657400,-0.0707200,-1.8802600,0.5194500,-0.5838200,-1.5963300,0.3012900,-0.7921100,-1.5818900,-0.1616000,-0.9174800,-1.4047400,-0.2337500,-1.0432900,-1.4515500,-0.1958000,-1.0642400,-1.6233800,-0.2297300,-0.8775300,-2.4390100,-0.2287800,-0.0201700,-2.4563500,-0.1899500,0.0299900,-2.5742100,-0.0602500,-0.0797200,
61,1.0000000,-1.6819800,0.9667800,-0.5857200,-1.6165900,0.9708200,-0.4358800,-1.6625100,0.8595600,-0.1545800,-1.4399200,0.6967300,-0.1949000,-1.7443000,0.9639000,-0.7322700,-1.9186400,0.8157800,-0.9308600,-1.8173600,0.6458000,-1.0804100,-1.8070000,0.4895200,-0.4789600,-1.8084600,0.4786900,-0.3823800,-2.0062900,0.0716900,-0.2665200,-2.4445300,-0.0560600,-0.1250700,-1.8399400,0.5100600,-0.6007300,-1.5537800,0.3162700,-0.8095000,-1.5831200,-0.1597700,-0.9215500,-1.3956900,-0.2344900,-1.0430800,-1.4429500,-0.1969400,-1.0654900,-1.6178900,-0.2242200,-0.8805400,-2.4063000,-0.2188500,-0.0799500,-2.4123200,-0.1854000,-0.0290100,-2.5501900,-0.0489500,-0.1279800,
62,1.0166667,-1.6483200,0.9497400,-0.6142700,-1.5692000,0.9541200,-0.4611600,-1.6194600,0.8431000,-0.1827500,-1.3951600,0.6851100,-0.2504800,-1.7059400,0.9488700,-0.7523500,-1.8756900,0.7939300,-0.9560000,-1.7703500,0.6384800,-1.1117800,-1.7759800,0.4859900,-0.4950900,-1.7817000,0.4651500,-0.3960100,-1.9385600,0.0443200,-0.3099000,-2.4132200,-0.0440800,-0.1857300,-1.8015000,0.5011400,-0.6137800,-1.5226500,0.3274000,-0.8218800,-1.5802600,-0.1524100,-0.9205300,-1.3853500,-0.2318100,-1.0352200,-1.4336200,-0.1986000,-1.0614800,-1.6123600,-0.2192500,-0.8808500,-2.3803700,-0.2127200,-0.1432200,-2.3794300,-0.1788600,-0.0985000,-2.5135700,-0.0318300,-0.1799200,
63,1.0333333,-1.6102600,0.9320900,-0.6410400,-1.5187000,0.9409400,-0.4855700,-1.5746900,0.8241600,-0.2090700,-1.3573000,0.6749900,-0.3042300,-1.6683900,0.9281700,-0.7732300,-1.8243000,0.7710400,-0.9819100,-1.7191600,0.6253800,-1.1399700,-1.7461100,0.4829300,-0.5070900,-1.7563100,0.4473400,-0.4074900,-1.8746700,0.0139300,-0.3558800,-2.3721200,-0.0309800,-0.2469200,-1.7639600,0.4951600,-0.6239300,-1.5006800,0.3225200,-0.8311300,-1.5777400,-0.1454500,-0.9186100,-1.3826600,-0.2282100,-1.0299500,-1.4319800,-0.1973800,-1.0585300,-1.6111900,-0.2172200,-0.8794600,-2.3651700,-0.2154200,-0.2116900,-2.3631200,-0.1812500,-0.1782700,-2.4571800,-0.0073500,-0.2345300,
64,1.0500000,-1.5700100,0.9158700,-0.6631000,-1.4735700,0.9273700,-0.5073800,-1.5256600,0.8058800,-0.2358500,-1.3271300,0.6613300,-0.3554800,-1.6346100,0.9072000,-0.7940500,-1.7752300,0.7518200,-1.0085200,-1.6662700,0.6103400,-1.1705300,-1.7177600,0.4749700,-0.5159700,-1.7275700,0.4381400,-0.4191000,-1.8265600,-0.0059000,-0.3984000,-2.3113100,-0.0188000,-0.3042900,-1.7311900,0.4893500,-0.6299100,-1.4862800,0.3091600,-0.8367000,-1.5756500,-0.1459900,-0.9171300,-1.3893500,-0.2279600,-1.0323700,-1.4376400,-0.1959100,-1.0598900,-1.6135300,-0.2136200,-0.8780300,-2.3602900,-0.2230300,-0.2897700,-2.3537900,-0.1884200,-0.2646500,-2.3804200,0.0120000,-0.2876600,
65,1.0666667,-1.5313200,0.8961200,-0.6798500,-1.4358600,0.9079500,-0.5270500,-1.4759300,0.7945100,-0.2613600,-1.3000500,0.6472900,-0.4013600,-1.6060700,0.8821800,-0.8110000,-1.7311100,0.7208000,-1.0343500,-1.6131800,0.5955200,-1.2037700,-1.6995300,0.4693500,-0.5211400,-1.7005300,0.4377900,-0.4255400,-1.7821600,-0.0211600,-0.4359800,-2.2354100,-0.0131700,-0.3561800,-1.7097200,0.4872600,-0.6297200,-1.4699500,0.2955800,-0.8400200,-1.5737500,-0.1490800,-0.9155900,-1.3979200,-0.2334000,-1.0390000,-1.4425600,-0.1975800,-1.0630000,-1.6130500,-0.2155100,-0.8767100,-2.3467200,-0.2285100,-0.3713200,-2.3282900,-0.1961100,-0.3453400,-2.2939500,0.0249200,-0.3372200,
66,1.0833333,-1.4975500,0.8859600,-0.6936900,-1.4021000,0.8949800,-0.5464600,-1.4317500,0.7816800,-0.2826000,-1.2728900,0.6304600,-0.4359700,-1.5803400,0.8657100,-0.8237300,-1.6901000,0.7104000,-1.0584900,-1.5563600,0.5814000,-1.2288500,-1.6904800,0.4672000,-0.5231000,-1.6786000,0.4434200,-0.4236100,-1.7309300,-0.0269900,-0.4694700,-2.1612900,-0.0121200,-0.4029700,-1.6990000,0.4875500,-0.6247900,-1.4450600,0.2891700,-0.8440700,-1.5725000,-0.1531800,-0.9145300,-1.4054300,-0.2365900,-1.0456200,-1.4448800,-0.1974700,-1.0652100,-1.6127700,-0.2165200,-0.8766700,-2.3044100,-0.2173500,-0.4399500,-2.2801000,-0.1917300,-0.4087500,-2.2070100,0.0299400,-0.3853600,
67,1.1000000,-1.4671800,0.8746400,-0.7066000,-1.3688900,0.8873500,-0.5660500,-1.3945900,0.7709500,-0.3000800,-1.2544700,0.6127100,-0.4551400,-1.5529800,0.8504600,-0.8339200,-1.6458800,0.6970200,-1.0768200,-1.4934700,0.5701300,-1.2398900,-1.6821000,0.4655000,-0.5237600,-1.6551400,0.4474400,-0.4176600,-1.6764000,-0.0230300,-0.4954200,-2.1017100,-0.0102400,-0.4488900,-1.6929200,0.4883600,-0.6185900,-1.4184200,0.2876100,-0.8491700,-1.5741400,-0.1590100,-0.9160000,-1.4107500,-0.2378000,-1.0502700,-1.4469200,-0.1968400,-1.0661600,-1.6156300,-0.2155200,-0.8787200,-2.2360600,-0.1969600,-0.4865000,-2.2234400,-0.1800300,-0.4547400,-2.1344300,0.0319300,-0.4398600,
68,1.1166667,-1.4388000,0.8668700,-0.7199200,-1.3380600,0.8846600,-0.5850500,-1.3604800,0.7642600,-0.3148100,-1.2539100,0.5898200,-0.4584100,-1.5233700,0.8321400,-0.8425500,-1.5973200,0.6741800,-1.0866600,-1.4322700,0.5688500,-1.2447000,-1.6662800,0.4617900,-0.5243000,-1.6263900,0.4479700,-0.4147600,-1.6238200,-0.0197100,-0.5096000,-2.0579100,-0.0059400,-0.5011800,-1.6806600,0.4875700,-0.6145400,-1.4008200,0.2846400,-0.8536900,-1.5796000,-0.1654400,-0.9207600,-1.4124600,-0.2398600,-1.0519900,-1.4504100,-0.1985100,-1.0659100,-1.6200800,-0.2180600,-0.8822800,-2.1689800,-0.1713800,-0.5174800,-2.1763300,-0.1640600,-0.4905100,-2.0881400,0.0282300,-0.5075800,
69,1.1333333,-1.4117300,0.8562100,-0.7321900,-1.3103900,0.8824700,-0.6012000,-1.3271000,0.7617700,-0.3241500,-1.2666100,0.5668600,-0.4495500,-1.4926000,0.8214900,-0.8509300,-1.5465700,0.6631100,-1.0900000,-1.3782900,0.5717000,-1.2482800,-1.6368400,0.4586200,-0.5252500,-1.5974100,0.4465800,-0.4173500,-1.5720000,-0.0221900,-0.5132300,-2.0202100,0.0024400,-0.5573600,-1.6536800,0.4872700,-0.6172000,-1.3917500,0.2780400,-0.8567400,-1.5856300,-0.1698100,-0.9260300,-1.4109700,-0.2409500,-1.0508600,-1.4546100,-0.2006900,-1.0646600,-1.6245600,-0.2218100,-0.8857500,-2.1135400,-0.1553800,-0.5411000,-2.1368800,-0.1489600,-0.5197900,-2.0619300,0.0310400,-0.5792700,
70,1.1500000,-1.3844900,0.8430600,-0.7395100,-1.2822400,0.8809500,-0.6118800,-1.2961100,0.7626200,-0.3241600,-1.2801900,0.5442500,-0.4321100,-1.4621700,0.8137500,-0.8588500,-1.4953800,0.6577300,-1.0885600,-1.3281900,0.5677600,-1.2441600,-1.5975300,0.4592700,-0.5264300,-1.5735800,0.4468300,-0.4221600,-1.5210300,-0.0191600,-0.5113400,-1.9775700,0.0157300,-0.6026400,-1.6163300,0.4856800,-0.6268500,-1.3814100,0.2729000,-0.8596400,-1.5873700,-0.1696300,-0.9277500,-1.4070400,-0.2380000,-1.0472100,-1.4569100,-0.2009300,-1.0631600,-1.6279400,-0.2221200,-0.8876200,-2.0648900,-0.1514500,-0.5614300,-2.0933600,-0.1432200,-0.5435500,-2.0296300,0.0451100,-0.6306900,
71,1.1666667,-1.3523700,0.8367800,-0.7400900,-1.2527200,0.8778600,-0.6162900,-1.2713400,0.7656900,-0.3163700,-1.2931800,0.5177500,-0.4025800,-1.4360600,0.8093700,-0.8633200,-1.4488000,0.6392200,-1.0818000,-1.2786800,0.5581900,-1.2256700,-1.5585200,0.4632900,-0.5283900,-1.5484900,0.4504400,-0.4255200,-1.4674700,-0.0130900,-0.5063500,-1.9279800,0.0287400,-0.6277600,-1.5795200,0.4838500,-0.6375600,-1.3624400,0.2693900,-0.8644600,-1.5832500,-0.1666900,-0.9257700,-1.4001800,-0.2363400,-1.0419900,-1.4554000,-0.2017800,-1.0616800,-1.6270100,-0.2222900,-0.8875500,-2.0235000,-0.1393500,-0.5811200,-2.0486900,-0.1317500,-0.5647000,-1.9788500,0.0651200,-0.6514900,
72,1.1833333,-1.3157100,0.8369000,-0.7365400,-1.2267300,0.8734700,-0.6154700,-1.2549900,0.7703800,-0.3068900,-1.3124700,0.4959400,-0.3564100,-1.4125600,0.8117600,-0.8620900,-1.4139800,0.6234300,-1.0700600,-1.2291300,0.5475900,-1.1927800,-1.5226900,0.4687200,-0.5333000,-1.5104600,0.4544300,-0.4273800,-1.4096200,-0.0105400,-0.4977300,-1.8778100,0.0384600,-0.6342000,-1.5442700,0.4856700,-0.6445000,-1.3394900,0.2649000,-0.8711400,-1.5773100,-0.1617600,-0.9241400,-1.3976700,-0.2334200,-1.0403200,-1.4539800,-0.2014700,-1.0612600,-1.6223000,-0.2169000,-0.8875300,-1.9826900,-0.1273000,-0.5979100,-2.0005900,-0.1191300,-0.5814000,-1.9190300,0.0774400,-0.6514900,
73,1.2000000,-1.2834400,0.8387000,-0.7324300,-1.2041000,0.8714800,-0.6099200,-1.2437300,0.7783100,-0.2983200,-1.3333700,0.4903300,-0.2979600,-1.3832800,0.8160400,-0.8562100,-1.3847200,0.6084000,-1.0538400,-1.1817900,0.5483000,-1.1492000,-1.4899500,0.4712900,-0.5388000,-1.4651000,0.4551800,-0.4278300,-1.3514900,-0.0008600,-0.4860000,-1.8309400,0.0460400,-0.6238300,-1.5081200,0.4873500,-0.6461800,-1.3217600,0.2576400,-0.8764700,-1.5721100,-0.1568600,-0.9240500,-1.4020500,-0.2319000,-1.0432600,-1.4555300,-0.2021400,-1.0618400,-1.6138700,-0.2094800,-0.8888400,-1.9382900,-0.1154700,-0.6077600,-1.9460900,-0.1049400,-0.5897300,-1.8642700,0.0869100,-0.6398100,
74,1.2166667,-1.2585400,0.8399600,-0.7274800,-1.1785100,0.8739100,-0.6001100,-1.2305200,0.7911500,-0.2884900,-1.3431700,0.5020100,-0.2380300,-1.3457400,0.8229100,-0.8484700,-1.3484900,0.5907200,-1.0343400,-1.1330600,0.5514700,-1.0967400,-1.4626700,0.4707300,-0.5372000,-1.4287300,0.4505500,-0.4232800,-1.2910900,0.0137700,-0.4721900,-1.7869200,0.0620200,-0.6009300,-1.4770000,0.4886700,-0.6432100,-1.3103500,0.2495100,-0.8779700,-1.5679600,-0.1514600,-0.9239000,-1.4082400,-0.2327400,-1.0453000,-1.4600700,-0.2035700,-1.0619800,-1.6067300,-0.1986000,-0.8921200,-1.8917500,-0.1013600,-0.6100600,-1.8888600,-0.0895000,-0.5906400,-1.8152700,0.1004400,-0.6177600,
75,1.2333333,-1.2332900,0.8433900,-0.7190700,-1.1477800,0.8821300,-0.5886000,-1.2133000,0.8081400,-0.2769200,-1.3424400,0.5323500,-0.1843100,-1.3041400,0.8277700,-0.8397900,-1.3023500,0.5843400,-1.0113200,-1.0782700,0.5677500,-1.0356900,-1.4380500,0.4690200,-0.5273200,-1.4034800,0.4460700,-0.4120600,-1.2312400,0.0284600,-0.4565000,-1.7411500,0.0788600,-0.5725300,-1.4520900,0.4877300,-0.6392300,-1.2984300,0.2438200,-0.8769000,-1.5637200,-0.1459000,-0.9245500,-1.4110400,-0.2350500,-1.0431900,-1.4643000,-0.2042200,-1.0613400,-1.6015400,-0.1866000,-0.8966400,-1.8500900,-0.0931000,-0.6091600,-1.8388400,-0.0779500,-0.5885100,-1.7694300,0.1223500,-0.5888000,
76,1.2500000,-1.2017300,0.8572700,-0.7070400,-1.1160300,0.8916200,-0.5765800,-1.1962300,0.8283600,-0.2660100,-1.3365000,0.5766500,-0.1362300,-1.2618000,0.8320700,-0.8302300,-1.2481500,0.5776600,-0.9799400,-1.0171600,0.5931800,-0.9651200,-1.4113000,0.4682400,-0.5177700,-1.3801400,0.4469400,-0.3991400,-1.1794800,0.0503000,-0.4392800,-1.6955500,0.0917400,-0.5427300,-1.4271800,0.4854200,-0.6378700,-1.2799100,0.2403400,-0.8757700,-1.5580300,-0.1421700,-0.9283800,-1.4098600,-0.2384200,-1.0393100,-1.4640700,-0.2045600,-1.0612100,-1.5960000,-0.1763500,-0.9022900,-1.8228600,-0.0781900,-0.6050800,-1.8018700,-0.0650700,-0.5786200,-1.7241700,0.1407000,-0.5555300,
77,1.2666667,-1.1639900,0.8748300,-0.6917400,-1.0901300,0.9012700,-0.5600800,-1.1816800,0.8537600,-0.2546400,-1.3229300,0.6246800,-0.0915600,-1.2187700,0.8419900,-0.8203700,-1.1918200,0.5745400,-0.9398100,-0.9578700,0.6191500,-0.8884200,-1.3800500,0.4681200,-0.5133900,-1.3531100,0.4507700,-0.3893600,-1.1298700,0.0736600,-0.4222500,-1.6502800,0.1006400,-0.5087000,-1.3991300,0.4840400,-0.6368800,-1.2530400,0.2309400,-0.8745900,-1.5478800,-0.1468500,-0.9337100,-1.4061000,-0.2446200,-1.0354900,-1.4567800,-0.2122000,-1.0608200,-1.5900400,-0.1709800,-0.9089900,-1.7941700,-0.0702800,-0.5819400,-1.7688300,-0.0560300,-0.5459800,-1.6807800,0.1520100,-0.5171100,
78,1.2833333,-1.1238500,0.8922200,-0.6724100,-1.0709700,0.9126000,-0.5333800,-1.1692800,0.8901500,-0.2386800,-1.3021300,0.6777900,-0.0536500,-1.1730900,0.8498100,-0.8079300,-1.1371700,0.5739400,-0.8966800,-0.9040300,0.6416100,-0.8147100,-1.3429700,0.4712300,-0.5091000,-1.3203900,0.4596100,-0.3816100,-1.0767000,0.0981100,-0.4068200,-1.6017800,0.1048600,-0.4669000,-1.3672000,0.4846700,-0.6305000,-1.2284400,0.2361400,-0.8738700,-1.5404300,-0.1347000,-0.9383100,-1.4077500,-0.2387000,-1.0329300,-1.4555100,-0.2021100,-1.0613500,-1.5874200,-0.1661100,-0.9152800,-1.7460700,-0.0801800,-0.5269100,-1.7295600,-0.0560500,-0.4855300,-1.6401600,0.1573000,-0.4711100,
79,1.3000000,-1.0834600,0.9028600,-0.6487600,-1.0490500,0.9292900,-0.4967800,-1.1574600,0.9241700,-0.2179700,-1.2742600,0.7222400,-0.0237900,-1.1240400,0.8599400,-0.7885900,-1.0849800,0.5781200,-0.8559600,-0.8506500,0.6577900,-0.7535200,-1.3023800,0.4804600,-0.4986600,-1.2810000,0.4714400,-0.3718000,-1.0206500,0.1211800,-0.3894000,-1.5516500,0.1064800,-0.4174000,-1.3304500,0.4896700,-0.6162700,-1.2071800,0.2346700,-0.8710400,-1.5274000,-0.1265600,-0.9369400,-1.4075200,-0.2395300,-1.0288800,-1.4514700,-0.2043000,-1.0591200,-1.5889500,-0.1610200,-0.9194400,-1.6831200,-0.0864100,-0.4495000,-1.6820400,-0.0550100,-0.4088100,-1.5970800,0.1522400,-0.4164300,
80,1.3166667,-1.0422400,0.9118200,-0.6212100,-1.0167700,0.9518600,-0.4571600,-1.1459700,0.9653300,-0.1973100,-1.2407200,0.7613700,0.0008800,-1.0714000,0.8746900,-0.7623500,-1.0308800,0.5882000,-0.8195500,-0.7938600,0.6641100,-0.7098900,-1.2637000,0.4944600,-0.4811300,-1.2400800,0.4872100,-0.3580700,-0.9663700,0.1417600,-0.3671600,-1.5024500,0.1064300,-0.3627800,-1.2918600,0.4991200,-0.5963500,-1.1927600,0.2295500,-0.8652100,-1.5146700,-0.1149100,-0.9332800,-1.4085500,-0.2394600,-1.0250000,-1.4493500,-0.2044900,-1.0576100,-1.5949200,-0.1535100,-0.9231700,-1.6112300,-0.0790800,-0.3678000,-1.6161600,-0.0610900,-0.3275600,-1.5511700,0.1517200,-0.3571700,
81,1.3333333,-0.9983800,0.9239900,-0.5888200,-0.9791600,0.9731300,-0.4190700,-1.1315400,0.9973900,-0.1757300,-1.2010700,0.7920500,0.0239000,-1.0167300,0.8917400,-0.7347000,-0.9722200,0.6067600,-0.7888000,-0.7326500,0.6603600,-0.6810500,-1.2290600,0.5096700,-0.4594300,-1.2025900,0.5061700,-0.3408700,-0.9196700,0.1667900,-0.3434400,-1.4506000,0.1012200,-0.3065300,-1.2562200,0.5109500,-0.5749400,-1.1823800,0.2214700,-0.8534200,-1.5037600,-0.1078200,-0.9315600,-1.4134500,-0.2380900,-1.0216400,-1.4471900,-0.2020000,-1.0580400,-1.6011600,-0.1458500,-0.9275100,-1.5185500,-0.0822500,-0.2901200,-1.5269400,-0.0618300,-0.2475700,-1.5004300,0.1389000,-0.2983500,
82,1.3500000,-0.9524600,0.9435000,-0.5511400,-0.9444400,0.9885900,-0.3797200,-1.1144600,1.0259500,-0.1500100,-1.1531000,0.8158700,0.0453600,-0.9620500,0.9071600,-0.7083000,-0.9139700,0.6256600,-0.7641100,-0.6670700,0.6489100,-0.6584900,-1.1958800,0.5243300,-0.4375500,-1.1682200,0.5240900,-0.3220000,-0.8797900,0.1974000,-0.3194500,-1.3882600,0.0819500,-0.2505300,-1.2210600,0.5222800,-0.5550400,-1.1741400,0.2145100,-0.8341200,-1.4962600,-0.1045200,-0.9330000,-1.4211300,-0.2388000,-1.0179700,-1.4430400,-0.1995000,-1.0596200,-1.6027900,-0.1375200,-0.9320800,-1.4025500,-0.0954000,-0.2168700,-1.4133900,-0.0690400,-0.1704100,-1.4514600,0.1197600,-0.2429400,
83,1.3666667,-0.9051700,0.9667500,-0.5097700,-0.9119900,1.0018800,-0.3358600,-1.0934500,1.0426000,-0.1186300,-1.0967900,0.8309600,0.0640400,-0.9078700,0.9209300,-0.6791700,-0.8653000,0.6428000,-0.7438100,-0.6049000,0.6357300,-0.6388000,-1.1585200,0.5367700,-0.4170600,-1.1327800,0.5396000,-0.3020900,-0.8400800,0.2285200,-0.2900000,-1.3137100,0.0562400,-0.1961000,-1.1772500,0.5332700,-0.5361900,-1.1695600,0.2115900,-0.8098800,-1.4911600,-0.1020900,-0.9366800,-1.4290200,-0.2403300,-1.0149100,-1.4367600,-0.1986300,-1.0618400,-1.5932200,-0.1379700,-0.9384300,-1.2785400,-0.1050700,-0.1477500,-1.2975000,-0.0767700,-0.1005400,-1.3943900,0.0815700,-0.1922600,
84,1.3833333,-0.8572000,0.9860000,-0.4667700,-0.8760400,1.0181000,-0.2897100,-1.0671400,1.0472300,-0.0801000,-1.0374900,0.8346900,0.0820400,-0.8542300,0.9350800,-0.6430100,-0.8253100,0.6577900,-0.7252800,-0.5587100,0.6181900,-0.6259500,-1.1134600,0.5510400,-0.3971200,-1.0925700,0.5557700,-0.2797000,-0.7972100,0.2570400,-0.2512100,-1.2267200,0.0260800,-0.1467200,-1.1223000,0.5473100,-0.5162500,-1.1692600,0.2098400,-0.7837200,-1.4860800,-0.0984900,-0.9424600,-1.4357600,-0.2408100,-1.0147800,-1.4296900,-0.1968500,-1.0653700,-1.5779800,-0.1304000,-0.9512900,-1.1618300,-0.1105100,-0.0842800,-1.1889500,-0.0912200,-0.0414700,-1.3193500,0.0378800,-0.1505500,
85,1.4000000,-0.8114600,0.9971000,-0.4221400,-0.8344700,1.0360700,-0.2442900,-1.0357600,1.0372500,-0.0316400,-0.9776200,0.8288200,0.1039700,-0.8010100,0.9518900,-0.6007300,-0.7859000,0.6763000,-0.7081000,-0.5333900,0.6007300,-0.6206900,-1.0622700,0.5673800,-0.3772700,-1.0495300,0.5745400,-0.2551300,-0.7552500,0.2821100,-0.2043700,-1.1341800,-0.0016000,-0.1064600,-1.0648400,0.5634400,-0.4960100,-1.1727300,0.2103600,-0.7552700,-1.4783400,-0.0950000,-0.9482200,-1.4380700,-0.2416700,-1.0171300,-1.4220900,-0.1942700,-1.0690700,-1.5580200,-0.1248500,-0.9658700,-1.0492100,-0.1334500,-0.0280500,-1.0811900,-0.1151700,0.0076100,-1.2256000,-0.0025200,-0.1194800,
86,1.4166667,-0.7695000,1.0019700,-0.3755200,-0.7901000,1.0489100,-0.1986100,-1.0005500,1.0132100,0.0250200,-0.9145400,0.8170500,0.1289400,-0.7466700,0.9702000,-0.5558000,-0.7434700,0.7002900,-0.6909700,-0.5192300,0.5827000,-0.6159900,-1.0108000,0.5827600,-0.3581200,-1.0073500,0.5913200,-0.2324800,-0.7182700,0.3028000,-0.1522200,-1.0422800,-0.0299300,-0.0747500,-1.0100000,0.5773600,-0.4783700,-1.1721900,0.2092500,-0.7216000,-1.4665800,-0.0920500,-0.9481200,-1.4360900,-0.2393300,-1.0185100,-1.4148300,-0.1919000,-1.0687700,-1.5398100,-0.1173200,-0.9708800,-0.9521400,-0.1403400,0.0216800,-0.9810900,-0.1283200,0.0504700,-1.1202500,-0.0488400,-0.0955700,
87,1.4333333,-0.7277800,1.0049300,-0.3288000,-0.7466900,1.0533600,-0.1511600,-0.9615900,0.9810300,0.0821900,-0.8469600,0.7895800,0.1507100,-0.6911200,0.9865500,-0.5105300,-0.7008400,0.7249900,-0.6704700,-0.5072800,0.5689800,-0.6076500,-0.9630900,0.5945500,-0.3398600,-0.9645700,0.6019200,-0.2148100,-0.6826800,0.3197400,-0.0985300,-0.9529100,-0.0593300,-0.0479300,-0.9553100,0.5880800,-0.4627800,-1.1584200,0.2096800,-0.6846600,-1.4531200,-0.0835000,-0.9365500,-1.4399800,-0.2353200,-1.0139900,-1.4130000,-0.1898300,-1.0591400,-1.5245600,-0.1009100,-0.9573300,-0.8536100,-0.1631600,0.0636400,-0.8886800,-0.1429500,0.0888600,-1.0170600,-0.0891500,-0.0742400,
88,1.4500000,-0.6818200,1.0093800,-0.2841300,-0.7049100,1.0490000,-0.1032400,-0.9195400,0.9440800,0.1304100,-0.7796000,0.7546800,0.1664500,-0.6369600,0.9989500,-0.4658900,-0.6625800,0.7491100,-0.6467700,-0.4961500,0.5625200,-0.5971700,-0.9170000,0.6024400,-0.3223700,-0.9195500,0.6088700,-0.2004500,-0.6445800,0.3326000,-0.0499200,-0.8702800,-0.0760000,-0.0225700,-0.9010900,0.5914300,-0.4458500,-1.1280200,0.2088800,-0.6487800,-1.4405800,-0.0721800,-0.9109500,-1.4640000,-0.2365700,-0.9971200,-1.4245600,-0.1922500,-1.0354300,-1.5119800,-0.0742100,-0.9264200,-0.7655100,-0.1673400,0.0995700,-0.8031500,-0.1552700,0.1222800,-0.9236800,-0.1176800,-0.0524300,
89,1.4666667,-0.6312900,1.0154800,-0.2415600,-0.6628100,1.0383300,-0.0579500,-0.8760600,0.9063200,0.1651100,-0.7116700,0.7132600,0.1795900,-0.5852100,1.0084600,-0.4217900,-0.6302900,0.7725400,-0.6225900,-0.4857900,0.5637800,-0.5847600,-0.8682900,0.6063000,-0.3057800,-0.8748700,0.6132200,-0.1852300,-0.6086900,0.3386500,-0.0122400,-0.7949000,-0.0965300,0.0035400,-0.8511800,0.5929200,-0.4274400,-1.0842600,0.2057200,-0.6116300,-1.4346900,-0.0522100,-0.8723800,-1.5070400,-0.2368200,-0.9613300,-1.4543400,-0.1930600,-0.9940500,-1.5048500,-0.0456800,-0.8844600,-0.6831700,-0.1795300,0.1305900,-0.7251500,-0.1660100,0.1512100,-0.8433800,-0.1429500,-0.0268300,
90,1.4833333,-0.5797700,1.0206400,-0.2003000,-0.6203400,1.0286300,-0.0180600,-0.8268100,0.8644100,0.1903600,-0.6400700,0.6757100,0.1938100,-0.5350000,1.0178600,-0.3781800,-0.6014200,0.7964300,-0.5975100,-0.4756500,0.5709200,-0.5690400,-0.8178700,0.6053900,-0.2888200,-0.8321400,0.6115800,-0.1660600,-0.5792600,0.3356000,0.0147800,-0.7385200,-0.1207500,0.0318100,-0.8040800,0.5932200,-0.4100100,-1.0276900,0.1913500,-0.5674700,-1.4293000,-0.0305700,-0.8219100,-1.5365900,-0.2337500,-0.9029800,-1.4865900,-0.1926700,-0.9314100,-1.5019200,-0.0165200,-0.8345500,-0.6214600,-0.1911800,0.1592500,-0.6608000,-0.1838100,0.1783400,-0.7839800,-0.1657100,0.0033600,
91,1.5000000,-0.5308500,1.0229300,-0.1604200,-0.5802700,1.0223100,0.0158000,-0.7650100,0.8270000,0.2124300,-0.5633800,0.6337300,0.2086800,-0.4870600,1.0267400,-0.3363000,-0.5724200,0.8207500,-0.5702000,-0.4668200,0.5807400,-0.5500300,-0.7702600,0.6002300,-0.2684500,-0.7901300,0.6061400,-0.1437500,-0.5527200,0.3232100,0.0362400,-0.7073300,-0.1385600,0.0596100,-0.7568700,0.5869100,-0.3927100,-0.9621200,0.1684600,-0.5205800,-1.4129600,-0.0078400,-0.7634000,-1.5247000,-0.2152100,-0.8281600,-1.4984800,-0.1815000,-0.8522800,-1.4872000,0.0178300,-0.7780600,-0.5791900,-0.2049200,0.1847200,-0.6216100,-0.1960800,0.2044200,-0.7486800,-0.1870400,0.0315900,
92,1.5166667,-0.4860800,1.0228900,-0.1231100,-0.5430100,1.0164600,0.0457700,-0.6888100,0.7860200,0.2330400,-0.4868100,0.5931600,0.2194300,-0.4424100,1.0327800,-0.2969100,-0.5420600,0.8443100,-0.5414500,-0.4597100,0.5916200,-0.5275300,-0.7277400,0.5954800,-0.2445000,-0.7456300,0.6018600,-0.1213700,-0.5273000,0.3105200,0.0564300,-0.6929300,-0.1468400,0.0805100,-0.7108500,0.5827900,-0.3708500,-0.8937000,0.1495200,-0.4796600,-1.3740600,0.0188600,-0.7021400,-1.4712800,-0.1815900,-0.7483500,-1.4757700,-0.1556800,-0.7703500,-1.4413100,0.0551800,-0.7177900,-0.5554000,-0.2108000,0.2026700,-0.6035900,-0.2025900,0.2240100,-0.7346600,-0.1969000,0.0485300,
93,1.5333333,-0.4459200,1.0221200,-0.0895000,-0.5042700,1.0064600,0.0752100,-0.6080500,0.7508300,0.2506200,-0.4127400,0.5650000,0.2211300,-0.3988700,1.0354500,-0.2587300,-0.5097800,0.8665600,-0.5112200,-0.4515100,0.6029300,-0.5017300,-0.6873700,0.5925000,-0.2200300,-0.6980900,0.6029300,-0.1003100,-0.5019600,0.3000300,0.0764400,-0.6869000,-0.1481700,0.0902600,-0.6653800,0.5771000,-0.3431700,-0.8243500,0.1328400,-0.4441100,-1.3082900,0.0467400,-0.6414400,-1.3996100,-0.1413600,-0.6746300,-1.4247300,-0.1187900,-0.6982200,-1.3652000,0.0922400,-0.6552900,-0.5444200,-0.2135400,0.2103300,-0.5973200,-0.2049400,0.2333500,-0.7302300,-0.1990700,0.0532800,
94,1.5500000,-0.4083700,1.0207400,-0.0591200,-0.4608700,0.9926900,0.1054900,-0.5324800,0.7213000,0.2635200,-0.3354200,0.5459600,0.2140300,-0.3526700,1.0375100,-0.2211700,-0.4752700,0.8865100,-0.4781500,-0.4378900,0.6171000,-0.4736700,-0.6441400,0.5937900,-0.1970600,-0.6520000,0.6068800,-0.0801800,-0.4734100,0.2875900,0.0950200,-0.6887800,-0.1478200,0.0928400,-0.6204900,0.5752300,-0.3153200,-0.7526100,0.1090700,-0.4052800,-1.2299400,0.0751000,-0.5808600,-1.3323200,-0.1066700,-0.6114000,-1.3611600,-0.0811600,-0.6365500,-1.2760500,0.1219700,-0.5900900,-0.5424400,-0.2136400,0.2110300,-0.5952400,-0.2055800,0.2359600,-0.7335100,-0.1972900,0.0539200,
95,1.5666667,-0.3676100,1.0178000,-0.0315800,-0.4146400,0.9801500,0.1338000,-0.4642700,0.6950400,0.2702600,-0.2514100,0.5332300,0.2036400,-0.3033000,1.0408700,-0.1876500,-0.4409000,0.9019700,-0.4435100,-0.4165400,0.6332800,-0.4437500,-0.5960700,0.5970300,-0.1757200,-0.6096200,0.6106000,-0.0601500,-0.4435600,0.2793700,0.1108400,-0.6949600,-0.1512800,0.0953200,-0.5751000,0.5785800,-0.2916900,-0.6776600,0.0892800,-0.3568800,-1.1556700,0.0990200,-0.5159900,-1.2726900,-0.0882100,-0.5532900,-1.2892600,-0.0594200,-0.5759400,-1.1917400,0.1521100,-0.5237500,-0.5426400,-0.2141600,0.2105800,-0.5938700,-0.2058600,0.2374200,-0.7409300,-0.1992200,0.0565400,
96,1.5833333,-0.3188800,1.0136800,-0.0076200,-0.3674300,0.9730600,0.1561700,-0.3994400,0.6782500,0.2728100,-0.1662200,0.5328600,0.1938400,-0.2546100,1.0438700,-0.1625400,-0.4095400,0.9146100,-0.4113200,-0.3917800,0.6540300,-0.4142000,-0.5481300,0.5970500,-0.1551700,-0.5673300,0.6088900,-0.0390600,-0.4144800,0.2697800,0.1247200,-0.6975900,-0.1552600,0.0989700,-0.5294100,0.5835900,-0.2711200,-0.5972100,0.0854500,-0.3013000,-1.0824000,0.1061000,-0.4454900,-1.2023300,-0.0895400,-0.4912100,-1.2044700,-0.0596600,-0.5104800,-1.1085200,0.1631500,-0.4564100,-0.5416800,-0.2148200,0.2113000,-0.5918700,-0.2057900,0.2390300,-0.7450700,-0.2009300,0.0608700,
97,1.6000000,-0.2639700,1.0099000,0.0138200,-0.3173800,0.9703500,0.1735300,-0.3321300,0.6658500,0.2770700,-0.0866600,0.5424500,0.1833100,-0.2086300,1.0448500,-0.1446600,-0.3792600,0.9280700,-0.3822100,-0.3669400,0.6733300,-0.3868800,-0.5060300,0.5922600,-0.1346300,-0.5247300,0.6015900,-0.0177200,-0.3904900,0.2581800,0.1375500,-0.6939300,-0.1560200,0.1018500,-0.4862400,0.5833900,-0.2513000,-0.5072500,0.0922300,-0.2459600,-1.0032400,0.1155700,-0.3749400,-1.1147700,-0.0810100,-0.4234300,-1.1162200,-0.0494900,-0.4426900,-1.0265200,0.1718200,-0.3888000,-0.5413800,-0.2142500,0.2115600,-0.5906800,-0.2058200,0.2385900,-0.7420400,-0.1987200,0.0659100,
98,1.6166667,-0.2084000,1.0074700,0.0343200,-0.2622100,0.9710300,0.1904000,-0.2622100,0.6570600,0.2839200,-0.0135700,0.5572200,0.1692700,-0.1615900,1.0455900,-0.1286700,-0.3451200,0.9398300,-0.3520700,-0.3408100,0.6884400,-0.3617400,-0.4687400,0.5882300,-0.1156100,-0.4838300,0.5943900,0.0023900,-0.3725700,0.2433700,0.1498700,-0.6887100,-0.1573000,0.1037200,-0.4475300,0.5799200,-0.2316800,-0.4103400,0.1101700,-0.1951400,-0.9026800,0.0978100,-0.3089900,-0.9992900,-0.1030900,-0.3496000,-1.0089800,-0.0818800,-0.3735200,-0.9417500,0.1676400,-0.3217700,-0.5438600,-0.2134600,0.2099200,-0.5933900,-0.2063800,0.2352200,-0.7353300,-0.1983900,0.0713100,
99,1.6333333,-0.1548400,1.0067500,0.0515400,-0.2011400,0.9727500,0.2077900,-0.1935800,0.6535400,0.2883200,0.0580700,0.5779700,0.1523700,-0.1110700,1.0467700,-0.1127700,-0.3068900,0.9497500,-0.3216700,-0.3094200,0.7034200,-0.3393100,-0.4298400,0.5871400,-0.0996600,-0.4434200,0.5924600,0.0214300,-0.3559300,0.2227800,0.1619900,-0.6867700,-0.1611800,0.1052200,-0.4089900,0.5813200,-0.2117900,-0.3132100,0.1379700,-0.1487300,-0.8000200,0.0968000,-0.2503100,-0.8797400,-0.1190300,-0.2709900,-0.9011400,-0.0934400,-0.3019600,-0.8586900,0.1542700,-0.2576000,-0.5477000,-0.2144000,0.2077700,-0.6000200,-0.2077000,0.2310900,-0.7327700,-0.1980400,0.0759400,
100,1.6500000,-0.1023700,1.0069300,0.0636100,-0.1360700,0.9774800,0.2234200,-0.1304700,0.6545300,0.2886500,0.1285600,0.6035800,0.1364700,-0.0611700,1.0481000,-0.0992800,-0.2674800,0.9580700,-0.2983400,-0.2692200,0.7189900,-0.3199100,-0.3857300,0.5937500,-0.0845900,-0.4015300,0.5947000,0.0392100,-0.3398000,0.2070100,0.1719300,-0.6839000,-0.1615000,0.1090500,-0.3636400,0.5901600,-0.1914600,-0.2193200,0.1712700,-0.1053400,-0.6978300,0.0801400,-0.1974600,-0.7589100,-0.1302900,-0.1892400,-0.7820600,-0.1047300,-0.2283400,-0.7749100,0.1143200,-0.1981600,-0.5522600,-0.2173700,0.2063100,-0.6074800,-0.2086600,0.2289800,-0.7321000,-0.1933200,0.0814700,
101,1.6666667,-0.0484300,1.0086700,0.0736800,-0.0701200,0.9818100,0.2369800,-0.0717400,0.6585900,0.2892900,0.1890000,0.6328200,0.1252700,-0.0138200,1.0497300,-0.0892100,-0.2273200,0.9755300,-0.2832800,-0.2221900,0.7342000,-0.3018200,-0.3367900,0.6031600,-0.0662400,-0.3590600,0.6011100,0.0552700,-0.3239500,0.1943000,0.1779800,-0.6719400,-0.1493000,0.1200400,-0.3120100,0.6046700,-0.1716300,-0.1273500,0.2093900,-0.0650200,-0.6050000,0.0593200,-0.1463500,-0.6313000,-0.1547200,-0.1127900,-0.6512400,-0.1313500,-0.1577800,-0.6965200,0.0824300,-0.1421900,-0.5612000,-0.2200900,0.2038000,-0.6118300,-0.2074700,0.2302900,-0.7254200,-0.1821800,0.0912900,
102,1.6833333,0.0098300,1.0155300,0.0847500,-0.0051200,0.9898400,0.2494200,-0.0119700,0.6641400,0.2947600,0.2373400,0.6589200,0.1222100,0.0365300,1.0522200,-0.0811000,-0.1818000,0.9864400,-0.2678800,-0.1741000,0.7466800,-0.2849200,-0.2876200,0.6150500,-0.0455500,-0.3165900,0.6100400,0.0699100,-0.3089800,0.1879900,0.1821100,-0.6549300,-0.1272300,0.1358400,-0.2592600,0.6206000,-0.1532700,-0.0362200,0.2469400,-0.0313600,-0.5120700,0.0261100,-0.0958500,-0.4998500,-0.1849700,-0.0482700,-0.5161800,-0.1681800,-0.0962100,-0.6053700,0.0266200,-0.0928600,-0.5724900,-0.2243200,0.1998100,-0.6111400,-0.2057700,0.2337700,-0.7113200,-0.1749000,0.1025700,
103,1.7000000,0.0722400,1.0262700,0.0968900,0.0600600,0.9969000,0.2617700,0.0488800,0.6729100,0.3060200,0.2815100,0.6788800,0.1273900,0.0940200,1.0576200,-0.0732900,-0.1306500,0.9988000,-0.2495500,-0.1272600,0.7565600,-0.2708200,-0.2380700,0.6283000,-0.0266400,-0.2715400,0.6177100,0.0830200,-0.2918600,0.1903000,0.1882700,-0.6444800,-0.1175500,0.1448300,-0.2056300,0.6406700,-0.1369600,0.0502200,0.2852100,-0.0060300,-0.4114500,-0.0095800,-0.0449700,-0.3654600,-0.2011000,0.0102000,-0.3832100,-0.1900800,-0.0412500,-0.5029500,-0.0220400,-0.0445300,-0.5744200,-0.2399900,0.1969300,-0.6078000,-0.2130000,0.2351700,-0.7078300,-0.1589300,0.1085100,
104,1.7166667,0.1347800,1.0396200,0.1099800,0.1255100,1.0064100,0.2750700,0.1083000,0.6821400,0.3217300,0.3271100,0.6937500,0.1356900,0.1556300,1.0660000,-0.0643800,-0.0772000,1.0039400,-0.2327000,-0.0781400,0.7639400,-0.2574700,-0.1829300,0.6407600,-0.0091900,-0.2200100,0.6256300,0.0965100,-0.2719500,0.1992900,0.1963100,-0.6506400,-0.1161000,0.1431900,-0.1453400,0.6554900,-0.1202300,0.1300400,0.3214800,0.0163300,-0.3041100,-0.0343800,0.0103300,-0.2157100,-0.2069500,0.0695700,-0.2414400,-0.2041700,0.0121200,-0.3840000,-0.0768300,0.0056100,-0.5749800,-0.2412700,0.1974500,-0.6118100,-0.2186100,0.2320300,-0.7167200,-0.1382500,0.1090000,
105,1.7333333,0.1950800,1.0545100,0.1231500,0.1913900,1.0189300,0.2890100,0.1658200,0.6952700,0.3401900,0.3727700,0.7069400,0.1436800,0.2160100,1.0777300,-0.0537000,-0.0255300,1.0090800,-0.2207600,-0.0235700,0.7705300,-0.2408100,-0.1220700,0.6544200,0.0097400,-0.1616700,0.6334300,0.1138900,-0.2517100,0.2102300,0.2025500,-0.6584500,-0.1190000,0.1392300,-0.0812100,0.6725100,-0.1002000,0.2049100,0.3525700,0.0401700,-0.1937600,-0.0534300,0.0777900,-0.0428200,-0.1925100,0.1328400,-0.0788300,-0.1973100,0.0786500,-0.2730500,-0.0902000,0.0760400,-0.5688800,-0.2348800,0.2017300,-0.6137700,-0.2229400,0.2299900,-0.7213300,-0.1320600,0.1087600,
106,1.7500000,0.2549900,1.0675900,0.1342600,0.2575700,1.0346700,0.3014400,0.2218700,0.7217800,0.3606900,0.4174100,0.7215600,0.1533300,0.2728800,1.0928000,-0.0419600,0.0261300,1.0095200,-0.2108900,0.0373900,0.7753400,-0.2201100,-0.0606200,0.6679200,0.0305700,-0.1032700,0.6411100,0.1352900,-0.2314500,0.2227800,0.2062600,-0.6541500,-0.1138100,0.1399600,-0.0168400,0.6854500,-0.0758600,0.2756000,0.3739100,0.0625300,-0.0413000,-0.0627800,0.1528700,0.1434200,-0.1680900,0.1721300,0.1199900,-0.1706700,0.1193400,-0.1442700,-0.1100500,0.1560200,-0.5560300,-0.2291900,0.2090600,-0.6068900,-0.2208400,0.2344900,-0.7196300,-0.1219900,0.1108400,
107,1.7666667,0.3163600,1.0776000,0.1429800,0.3228900,1.0471900,0.3106900,0.2773500,0.7620500,0.3835700,0.4616100,0.7383600,0.1674300,0.3271300,1.1076400,-0.0314500,0.0796800,1.0175100,-0.1994400,0.1040900,0.7799700,-0.1971600,-0.0012500,0.6790300,0.0535600,-0.0483600,0.6463200,0.1595900,-0.2083900,0.2419800,0.2082200,-0.6375100,-0.0884000,0.1443100,0.0454100,0.6962800,-0.0497600,0.3408900,0.3836300,0.0807600,0.1085700,-0.0612400,0.1875600,0.2980400,-0.1515800,0.2095100,0.2689700,-0.1522100,0.1598400,0.0200600,-0.1235200,0.2086600,-0.5472900,-0.2235300,0.2159300,-0.5953400,-0.2144700,0.2423900,-0.7094400,-0.0995400,0.1168900,
108,1.7833333,0.3778400,1.0871800,0.1510800,0.3857300,1.0612100,0.3179200,0.3329800,0.7970400,0.4079900,0.5045200,0.7536200,0.1870200,0.3798600,1.1183900,-0.0253900,0.1358000,1.0198800,-0.1845300,0.1737000,0.7840000,-0.1723400,0.0588500,0.6841200,0.0805400,0.0086500,0.6482300,0.1865600,-0.1786900,0.2606400,0.2090800,-0.6060900,-0.0530500,0.1498800,0.1064600,0.7009400,-0.0232300,0.3999000,0.3839700,0.0985900,0.2252200,-0.0724700,0.2348700,0.4261500,-0.1359300,0.2487900,0.3971000,-0.1412200,0.2036900,0.1477100,-0.1348500,0.2520800,-0.5460600,-0.2186100,0.2183000,-0.5842200,-0.2071300,0.2469100,-0.6871500,-0.0691400,0.1281600,
109,1.8000000,0.4372400,1.0962500,0.1602500,0.4461600,1.0715700,0.3259000,0.3811800,0.8199000,0.4279200,0.5453200,0.7565200,0.2120100,0.4320900,1.1235600,-0.0242500,0.1940700,1.0154900,-0.1692000,0.2426500,0.7861000,-0.1464400,0.1219500,0.6828600,0.1098500,0.0732800,0.6485700,0.2151600,-0.1394500,0.2700900,0.2119600,-0.5605500,-0.0165200,0.1580100,0.1666200,0.6988700,0.0026800,0.4532700,0.3801900,0.1200100,0.3252700,-0.0803300,0.2822500,0.5290800,-0.1306400,0.2901300,0.5008700,-0.1401800,0.2477100,0.2528200,-0.1472000,0.2984700,-0.5447500,-0.2108000,0.2146400,-0.5721600,-0.1968400,0.2440200,-0.6500400,-0.0323800,0.1437600,
110,1.8166667,0.4944900,1.1046300,0.1710200,0.5042600,1.0815300,0.3367400,0.4235300,0.8151000,0.4428000,0.5843100,0.7443300,0.2405600,0.4851900,1.1241600,-0.0215500,0.2552500,1.0053800,-0.1565000,0.3117500,0.7848600,-0.1219300,0.1864100,0.6779900,0.1356200,0.1428400,0.6504800,0.2423300,-0.0861500,0.2720400,0.2219400,-0.5039600,0.0209600,0.1716800,0.2259800,0.6971600,0.0246000,0.5045600,0.3704900,0.1451600,0.4065200,-0.0907200,0.3254800,0.6068300,-0.1400100,0.3316600,0.5763000,-0.1481900,0.2894000,0.3402400,-0.1619400,0.3476800,-0.5337500,-0.1921500,0.2061600,-0.5565500,-0.1775800,0.2345200,-0.5958200,0.0125200,0.1611900,
111,1.8333333,0.5522200,1.1118000,0.1819800,0.5610900,1.0887000,0.3500300,0.4606600,0.8152500,0.4543000,0.6217400,0.7332000,0.2685000,0.5374400,1.1241200,-0.0059100,0.3184600,0.9942300,-0.1470000,0.3844300,0.7807800,-0.1001900,0.2490800,0.6748600,0.1548900,0.2112700,0.6550900,0.2655500,-0.0087300,0.2589200,0.2418700,-0.4393600,0.0590300,0.1908600,0.2867400,0.6934300,0.0418500,0.5551100,0.3562100,0.1721300,0.4664700,-0.1071000,0.3658400,0.6643200,-0.1595200,0.3701900,0.6341100,-0.1677500,0.3289200,0.4062700,-0.1786800,0.3950000,-0.5073000,-0.1595900,0.1987500,-0.5324900,-0.1443800,0.2253000,-0.5270600,0.0640500,0.1781600,
