FF_TX,FF_TY,FF_TZ,FF_Rquat0,FF_Rquat1,FF_Rquat2,FF_Rquat3,Hip_Z_R,Hip_X_R,Hip_Y_R,Knee_Z_R,Ankle_Z_R,Ankle_X_R,Hip_Z_L,Hip_X_L,Hip_Y_L,Knee_Z_L,Ankle_Z_L,Ankle_X_L
0.3556726622241354,1.0338988443617942,0.08755195502105981,-0.10323186748861558,0.9941584381539926,-0.018539812317963034,0.02546486852996894,0.45311581143630486,-0.19667253248140737,-0.04641704767269711,-0.3975722982849267,0.027912783242606203,0.1149793691198052,0.4390839487441832,0.09956634627139908,0.07680422170259289,-0.386346041650201,0.06200556208090999,-0.11982143903161004
0.35582187395541093,1.03396998440864,0.08731043044185327,-0.10270692591043401,0.9942278550276378,-0.017360540654540797,0.02570741693272511,0.4535342297815698,-0.1939520882385168,-0.04487955113609781,-0.400864870707648,0.027036879216675063,0.12988684772667025,0.4371620605547853,0.10322162010213233,0.0751850145791615,-0.38464074258141595,0.0624949182612714,-0.16492738241113117
0.355810116507116,1.033985313298227,0.08720957705214716,-0.10264033940688881,0.9942409825487519,-0.01713787915060272,0.025614887178169787,0.45355660443457474,-0.1935137728478567,-0.04479910938417718,-0.40142463068665285,0.02683636231585237,0.1370388746572563,0.4369592006157028,0.10424941247177363,0.07461448997778977,-0.38451945084879846,0.06236550570518347,-0.18701529165352693
0.3557950783018483,1.0340000648636753,0.08714525106563119,-0.10271433279863358,0.9942374813054786,-0.01706633534124795,0.025501701964565707,0.45364662100942715,-0.19341006409658645,-0.044994617567865124,-0.4014836018064288,0.02665838420910501,0.14026115678907433,0.4371082306548128,0.10464283196430833,0.07514623859947872,-0.3844054322229905,0.062022063337973686,-0.1971698641678239
0.35579409136328166,1.0339983924434937,0.08708455432212121,-0.10272086348834406,0.9942409534698741,-0.01700183221324966,0.025382835714654276,0.4536669846447366,-0.19330736275529276,-0.045170536823438454,-0.4017068751640459,0.026687293169498562,0.14165179817978243,0.4370932867568128,0.10489747838545628,0.07462986474466027,-0.3843446324106378,0.062105601726466765,-0.2019202484574786
0.3557670386507548,1.0340080163966572,0.08705557470475501,-0.10275752961111329,0.9942400122216473,-0.016941819842074858,0.025311320513919402,0.4537536834462922,-0.19321885242720524,-0.04521062217662229,-0.4018721609818483,0.02666967177932215,0.1424017923229812,0.43711353796985825,0.10506642815216437,0.07437710126602155,-0.3843272650114083,0.0620422123355241,-0.20389060259913458
0.3557629466913647,1.0339982252133118,0.08701180751446795,-0.10276392834387457,0.9942428814853651,-0.016883449286123755,0.02521144159337507,0.4537394872293548,-0.19306460532415665,-0.04525761178354979,-0.40194219129551256,0.026889865774950783,0.14253928740818653,0.4371293228593033,0.10521991361624179,0.07437647182903398,-0.38418253186061935,0.06211340801437769,-0.20507376702197722
0.3557456903116234,1.0340037305051537,0.08696223507110236,-0.10278648547573109,0.9942429794433996,-0.016866320047527462,0.02512694727007818,0.4537903318157513,-0.19301823896457249,-0.04560242537999268,-0.4020382771593996,0.02677474694685566,0.14242888834769293,0.4371839282674592,0.10526830963799841,0.0745001701794045,-0.38408443739813536,0.06192349640276212,-0.20534567400621986
0.3557197261998332,1.0340190165975,0.08691658660095043,-0.10273954250744466,0.9942480941182149,-0.016894905466220408,0.025097328880696275,0.45370870492635307,-0.19304683569303766,-0.04551902408776096,-0.40220108126172965,0.026806492577209816,0.1423791616021744,0.437005323666916,0.10523832081513652,0.0745147107989745,-0.3840013700944145,0.06193934891982118,-0.20548330751202812
0.35571921289763847,1.034010592795432,0.08687276517458743,-0.1027250039899651,0.9942531697765312,-0.016841252185654763,0.024991601977486837,0.45371124341060326,-0.19297143053416285,-0.04570005922759993,-0.402437188118049,0.027025295137216323,0.1424595035110075,0.4370941727208086,0.10534969113185735,0.07431889748753985,-0.38418614243459986,0.0618878233259846,-0.20575741096369501
0.35570344825051375,1.0340188164172481,0.0868125980075351,-0.10267385863274978,0.9942601901230839,-0.016807024652729163,0.024945480797007903,0.4534562594466717,-0.19285925019183323,-0.045926463095592576,-0.40227237349160133,0.0270337718662766,0.14250086295270606,0.43697732154112423,0.10546374425295835,0.07408281748529774,-0.3841318740784761,0.06191451611739297,-0.2058746381118978
0.35569819760608895,1.0340163901689998,0.08677063896012265,-0.10270993590279193,0.994258691753604,-0.016829679160600144,0.024841192374913293,0.4535824500482233,-0.19292070598229805,-0.0461941417210558,-0.40247169455962306,0.027236679850246234,0.14240123873910407,0.4370043300844679,0.10543519818122189,0.07391018255049266,-0.38399646287820066,0.06183460876395244,-0.20612803058585213
0.3556911794266217,1.0340089114161346,0.08674144135994111,-0.10264765536214375,0.9942681998301793,-0.016752735381848984,0.02476997198898012,0.45358268426746434,-0.19280051586287092,-0.04632941944614886,-0.4029064332232533,0.027240079902933718,0.1421270883057365,0.43708895709627066,0.10557810525829905,0.07374999887626352,-0.3843759060370517,0.062015509165605824,-0.20605106993755645
0.3556899501987522,1.0339940265292606,0.0866894632853523,-0.10262642717664806,0.9942727591542163,-0.01670318977392088,0.024708304275973956,0.45356674979052536,-0.19265152965230511,-0.046548373462288684,-0.40303759330447475,0.02752220139590767,0.1416720185509634,0.43712818302671963,0.1057147360896642,0.0732329127278888,-0.3845174825085082,0.062118774266453666,-0.206324507670633
0.35569308057920496,1.0340094819889794,0.08663981036544734,-0.10258225118188825,0.9942787391625586,-0.01667886603114201,0.024667509393615828,0.45337878316804536,-0.1925821475504248,-0.04645680884374815,-0.4029430876130017,0.027381392073481586,0.14165123684046801,0.43708537465484576,0.10578692097235202,0.07313852663966777,-0.38458871481133616,0.062014476680394386,-0.20658955205489887
0.355692627440649,1.0340112827509904,0.08662547650692855,-0.10255099606437142,0.9942830104342945,-0.016740262380466022,0.024583571411720982,0.4534117613633234,-0.19273048338929197,-0.046589032948480553,-0.40314972813751815,0.02728405155931742,0.1413396983433662,0.4370122459354433,0.10561868622164317,0.07317773566851489,-0.3844276895617813,0.06185318186045669,-0.20630129354882834
0.35570006581442026,1.0339980712660006,0.08659447965573536,-0.1025263015282856,0.9942869950508082,-0.01677696727419107,0.024500251771072085,0.4535271986929401,-0.19283444867819688,-0.0467510119734166,-0.40355768144939774,0.027424507831383952,0.14107013902621238,0.4370458880075306,0.10551278054994574,0.07296568916661596,-0.38455276905304886,0.06192126630571413,-0.20610226500631237
0.35566950575976136,1.0340019243393361,0.08657654614543663,-0.1025126401467804,0.9942904909641019,-0.016746710063706583,0.024436159488431114,0.45332733363651917,-0.19279596906633076,-0.04670033765985909,-0.40339086816142733,0.027461036629346902,0.14131083340137723,0.43704642899620955,0.10555139575063945,0.07283968534677511,-0.3846417654439875,0.061880816127280205,-0.20617073347010478
0.3556674430738435,1.033993601225766,0.0865414850899119,-0.10237184368117654,0.9943076550843144,-0.016685337613831418,0.024369902969879256,0.45318079582821574,-0.19268392896202244,-0.04702830085306449,-0.40382366264263647,0.027676330215778918,0.14106804635676887,0.43697229596297327,0.1057044710020011,0.07279920853348644,-0.38506308512217224,0.062047214228921066,-0.20614555921931585
0.3556764897568042,1.0340024469120292,0.08651236018666981,-0.10239031220094946,0.9943066995456235,-0.016735876457029192,0.024296535664503235,0.4532749208827727,-0.19277776827911194,-0.0469449025467733,-0.40394626272893885,0.027757996696166968,0.14100120450696116,0.4369484203960818,0.1055930640140144,0.07262665370035506,-0.38483305919899014,0.06197002683443719,-0.2061464463824948
0.35567426738227176,1.0339899254418572,0.08645850891284593,-0.10233591194119948,0.9943163118958844,-0.016666762570777087,0.024179579201022733,0.4529854544909151,-0.1926224539329226,-0.04715807569400608,-0.40375246541462306,0.02789496449104776,0.14067150078343582,0.4371024608466609,0.1057375783825536,0.07236377354751905,-0.38529586881085837,0.06203096799880057,-0.20621204384670164
0.35565053500942767,1.0339782085576266,0.08643466800231225,-0.10225498778746507,0.9943290107489188,-0.01662592606528613,0.024027368522860547,0.45271209548453506,-0.19258482856990095,-0.0473695945965984,-0.4038152962356632,0.02801136373272435,0.1403959683105055,0.4371090738482854,0.10574492548700595,0.07178565192683602,-0.3855656065639752,0.062129641645116175,-0.20583996062309645
0.3556558432142948,1.0339793285441925,0.08641747188414274,-0.10224513382202864,0.9943343259208733,-0.01656156542856215,0.02389341867027832,0.45260795184168306,-0.1924822644027048,-0.047567026484326584,-0.4038091316045066,0.028005564715902147,0.14012299932127872,0.43720526101057,0.10584534207179887,0.07181493821527125,-0.385708301991668,0.06214026360591975,-0.20595027108644126
0.3556388031550419,1.0339910201610192,0.08639892879486388,-0.10225325978644194,0.9943356610176369,-0.016630526251943063,0.02375478242899173,0.4525525166955283,-0.19267902001337497,-0.04771895499680686,-0.403827231747064,0.02799671403275189,0.1402480457348478,0.437095971522284,0.10564051771463456,0.07142484166956345,-0.38539711578383407,0.06192606565929957,-0.20595672872242254
0.35565607328839516,1.0339906969142594,0.08637040971172864,-0.10222508896084866,0.9943430189920167,-0.016581270418361507,0.023601975343209836,0.45247355100609893,-0.19260220536798695,-0.04793146216004827,-0.40390956887987356,0.028104890322930152,0.14001307794842233,0.4372806315648054,0.10571539397453437,0.07139661269980105,-0.3856524541704878,0.06188954433243696,-0.2061862569843815
0.35564177119756807,1.0339936917785308,0.0863669501076133,-0.10224530471965813,0.9943440194767783,-0.016612618916926412,0.02344972252009157,0.45244945952901994,-0.1927465231059172,-0.048105045718002754,-0.4039735153760472,0.028147628438222286,0.13988054698678146,0.43716743177770323,0.10557088013351865,0.07059039989462713,-0.3853488484021138,0.06193594239615643,-0.2064883588445238
0.3556330435986341,1.034001876151918,0.08635483439095891,-0.10227660397464676,0.9943450389606661,-0.016609490804829482,0.02327154032136575,0.45236765538382695,-0.19279836259928948,-0.04848302068834259,-0.4038276046879429,0.028188484706926663,0.139767581283225,0.43733564870551,0.10554028403621984,0.0709523047888109,-0.3853542043198539,0.06166199917988252,-0.20664936309092535
0.3556291374152101,1.0340061660207271,0.08635079990076909,-0.10229950001399675,0.994345873850663,-0.016626771669750483,0.023122411571668732,0.4523455763089779,-0.19291851683461392,-0.04875830346798233,-0.4038575458370069,0.028212937561354495,0.13958792040333257,0.43731471594322147,0.10541625597921232,0.07071839463545081,-0.3851174787262873,0.0615547587393724,-0.20664527039629235
0.35562137560821305,1.0340212333927832,0.08634611249669667,-0.10232701601879916,0.9943465988777935,-0.01665234879634849,0.022950432946187486,0.452242434421129,-0.193033018710238,-0.048955490086824115,-0.40372056908054904,0.02827890957672159,0.13954931809977691,0.43728437585411406,0.10529151174882072,0.07042155421220432,-0.3848370164927839,0.061458393603217525,-0.20658998990596972
0.35559215366634933,1.0340269140073182,0.08635715886209845,-0.10236024503804617,0.9943457926649223,-0.016675086942634577,0.022820305010538628,0.4522136856960722,-0.19316014911814616,-0.04928696721405734,-0.4036835677579928,0.02817594747270463,0.13958947188899495,0.4372230784550966,0.10517310345275588,0.07043724256659738,-0.3845707241479053,0.06144954579898675,-0.20684903442760716
0.3555866718456925,1.034027322200026,0.08635142581054055,-0.10238008166075001,0.9943468578360654,-0.01669406476519418,0.02267054018538254,0.45209527855164144,-0.19323765043778335,-0.04935056325701356,-0.40353179117500715,0.028220272047454382,0.13939251452410722,0.43723213832917474,0.10507326857870071,0.0702036433663068,-0.38441120140663393,0.0613308879957366,-0.2071092745535227
0.3555881543607279,1.0340380398090332,0.08635098255732011,-0.10243366142495558,0.9943453219656518,-0.016641203862762275,0.022534329945656534,0.4520120768985745,-0.19317383831760754,-0.04961211788827242,-0.4033061226086184,0.028225112477716696,0.13937858932474367,0.4373074933447653,0.10513520954537527,0.07006951237614088,-0.3842326308025889,0.06125945181644497,-0.2071663204674444
0.35558297745152345,1.0340399672454084,0.0863535550350876,-0.10245133961818212,0.9943460377578679,-0.016623582243038563,0.0224351670169322,0.45189990660738494,-0.19316859960186775,-0.04970090374060749,-0.4030928273580372,0.028315837405256505,0.1391656416169196,0.4372870873889406,0.1051682197825007,0.06976380414351689,-0.3840541828169721,0.061067890485185766,-0.20803850526244924
0.3555867387408015,1.0340464990130045,0.08634909579116251,-0.10250053067712288,0.994345036428289,-0.01661114819881065,0.022263411617494212,0.45185566761475754,-0.1932147031031238,-0.04993567543590824,-0.4029755474184506,0.028252961236738643,0.13914880711554528,0.43746065457249966,0.10509315766095763,0.06970429583105016,-0.38404115364862235,0.06112222827510679,-0.20775637926443624
0.3555989898778805,1.0340424724893755,0.0863551934331538,-0.10252815143774398,0.994342874685252,-0.016706723776268907,0.022161026738209976,0.45214242285647804,-0.19348798558328942,-0.05008431123902151,-0.4034590029038434,0.028520514944511514,0.13872017354615762,0.437534352202353,0.10485510286223433,0.06967349472576075,-0.383952411882765,0.06099143208836358,-0.20784879735324646
0.35561862267946326,1.0340401439891416,0.08636469490273428,-0.10253950381272706,0.9943445426951334,-0.016706523799367743,0.022033443507243962,0.4520968018935099,-0.19357020008889417,-0.05011514056787397,-0.4034514481729707,0.02843029975941153,0.13879311949756762,0.43757060897635425,0.10480480751239829,0.06928551409284311,-0.3838665192020242,0.060930698155615845,-0.20822975155736106
0.3556299531761197,1.0340368239179187,0.0863658954911747,-0.10254982206170578,0.9943452239978857,-0.016772379972507398,0.0219042639174356,0.45199576941318065,-0.19376412111100574,-0.05049525655081103,-0.4032241890478125,0.028531519035745755,0.13865372792372233,0.4376219577752386,0.10459032504760159,0.06926144488539138,-0.38376683953865276,0.06079356069263175,-0.2081746920349187
0.3556366178069363,1.0340452984953798,0.08638081338380604,-0.10258975051012426,0.9943447618196853,-0.016783633770119467,0.021728952333098572,0.45181685317037046,-0.19388687043709388,-0.05065170418041605,-0.4029153229338807,0.028359205422870248,0.13872539849353435,0.4377663529897517,0.10447418056672847,0.06912862100932772,-0.3837320969929329,0.060636618061929735,-0.20812383028745002
0.35566695590306097,1.0340452548830672,0.08638025834689579,-0.1025910488623428,0.9943454359864442,-0.016864798135263454,0.021628897570360486,0.4518790384772954,-0.19410344827631293,-0.05080200793633914,-0.40297620993104444,0.028309388580482837,0.1389886959959363,0.43778970229775277,0.10428021391552675,0.06878254038571348,-0.3836614859574316,0.06062421347147389,-0.20862429254080875
0.3556806405364706,1.0340486397895507,0.08638515127568706,-0.10257886523558998,0.9943503890616708,-0.01683331172970887,0.02148301180218365,0.4515838284304063,-0.19410193884891763,-0.05100090230874907,-0.4025802655318037,0.028458546204334013,0.1387553077192746,0.43792197854997517,0.1042654963599329,0.06873326733451454,-0.3838271468660754,0.06061116747273966,-0.20865787970992244
0.35569738628603126,1.0340396362100643,0.08639911718736495,-0.10254035488910225,0.9943564080185788,-0.01685817937026438,0.021368463677263378,0.45153828006803903,-0.19423966164099402,-0.051189464309852994,-0.40276278461730536,0.028622825901170358,0.13874644912730372,0.4379181074306158,0.10418266658976845,0.06839891608255806,-0.38388505053663396,0.0606518297612245,-0.20889064218575307
0.3557183545218644,1.0340445790443595,0.08641533025880595,-0.10255057021270186,0.9943589380402446,-0.01679528905515279,0.021250909488315678,0.451302149712055,-0.1941635828102472,-0.051354282686038144,-0.40238842383120405,0.02849031482265805,0.13864179459625178,0.4380450646584572,0.1042266629732312,0.0682855074769501,-0.3839226964284443,0.0605192512941984,-0.20882573099151966
0.3557254935498317,1.0340463257342536,0.08642675580647209,-0.10256176075088796,0.9943604845075713,-0.016734200144259356,0.02117259141147836,0.45124841270161736,-0.19408726374714788,-0.051534581756564016,-0.4022871271150769,0.028470762495839706,0.1386401082679613,0.43823215649818076,0.10432872162219212,0.06773954276216136,-0.38420741165452876,0.0604813205176818,-0.20898242573970932
0.3557409915794174,1.0340445155239715,0.08644412489615418,-0.10251920722792603,0.9943668406604613,-0.016730067783836653,0.021083243968570264,0.45121571303041197,-0.19415845429976702,-0.05176461848121097,-0.40247946453943384,0.028532692098324985,0.13833480583782104,0.4383591799774116,0.10426803801257949,0.06760912872427444,-0.38454882530226325,0.060514851279892916,-0.2093026429094119
0.35575794584764375,1.0340479926214448,0.08644232388204097,-0.10250524146837284,0.9943702142990815,-0.016751675086986516,0.020974598162760583,0.4511185299971358,-0.19422154348382037,-0.051987332434488276,-0.40250172601622597,0.028598644951204354,0.138079453894663,0.4384858542445025,0.10415471464036774,0.06749895509939205,-0.3847019247950474,0.06039750501606782,-0.20884840384298722
0.35579940061003135,1.0340316003484549,0.08643775905051718,-0.10253464260980198,0.9943719749097479,-0.01661383046663616,0.020856730716810462,0.4510373379045581,-0.19399845942706911,-0.0523645558759579,-0.40219554767552157,0.02843209526034432,0.1383080524375428,0.4388117087666658,0.10442170196917663,0.06708118727284389,-0.38501606116636433,0.060544324282401765,-0.20920031071682857
0.3557819333149724,1.0340335999624148,0.08646667027921781,-0.10248667293928397,0.9943783829172529,-0.016618905565515513,0.020782815846504342,0.4508436162314897,-0.1940808256835631,-0.052519408538432594,-0.4021015029722956,0.028646535225365168,0.13819401719875918,0.4388246153676901,0.10434017243628055,0.06717713801646591,-0.3851421859378435,0.060458662028806995,-0.20920169637287514
0.3557746761006564,1.0340228117934318,0.08647378946285555,-0.10245476698781297,0.9943802629309674,-0.016678594276843067,0.020802353418827326,0.45097824164572203,-0.19421563574464573,-0.05233446801914125,-0.40252845512764907,0.02867838603509405,0.13811787330433636,0.43873886253053296,0.10420790720248597,0.06729992293619765,-0.3851913377392212,0.06061124189394443,-0.20894931317885523
0.3557649896316827,1.0340367489595779,0.08646476739709377,-0.10241437009720408,0.9943857288019733,-0.01664819048691114,0.020764318097951765,0.45072242903029747,-0.19416075637170493,-0.05245502229083069,-0.40225294631671116,0.02869473460881679,0.13814765710210275,0.43870510306381044,0.10423213218204237,0.06710941742380701,-0.38526641189405375,0.06048984563367954,-0.20883539900216827
0.35578857331670016,1.0340195042872316,0.08644121009218203,-0.10241870657865747,0.9943864805637577,-0.016662632325542295,0.020695228888858438,0.45097595605675567,-0.19422505953039207,-0.05264075570686583,-0.40277493834869066,0.02877740446414056,0.13818528061581045,0.43887291083883795,0.10418417046782745,0.066874618164327,-0.38547766872354594,0.060726907277443384,-0.2086530139214748
0.355739427493012,1.0340181424839043,0.08647152737697623,-0.10238762339469527,0.9943875236963622,-0.01671109021944393,0.020759738829774766,0.4509830935077733,-0.19434006277424723,-0.05243264090897518,-0.40295177797145104,0.028819906085792747,0.13846190490211313,0.4386072890552598,0.10409041296236597,0.0669466627150657,-0.3853299197307264,0.06087475618834767,-0.2090086624414868
0.3557245077535801,1.0340209026742726,0.08646969287580059,-0.10241253272540381,0.9943856105387954,-0.016692418352683324,0.02074352582600994,0.45091874305579166,-0.194284768679906,-0.052419191403758794,-0.40272185936824145,0.028803180689977025,0.1384592639005847,0.43871858749335074,0.10411738575431248,0.06706677737737729,-0.38539110357614054,0.06080708548757011,-0.2087254083663308
0.35569906374763083,1.0340191373399987,0.08646036679050723,-0.10240460533943209,0.9943852058903987,-0.016713692859807772,0.0207848883223468,0.4509668866595664,-0.19432121414223683,-0.05255871962525979,-0.402873965861357,0.028903273047668997,0.13841668879677105,0.4386196082815243,0.10411442556161742,0.06693697319365385,-0.38541701282832147,0.06088501540569022,-0.20897733412996947
0.3557002697954606,1.034032857971665,0.08645945203520278,-0.10236930482063752,0.9943891653540642,-0.016731362804199127,0.020755113965020302,0.45088909913823827,-0.1943832285523604,-0.05264907593909131,-0.40288754161357465,0.02873833283433533,0.13856099030688568,0.4386180613354658,0.10405114324933858,0.06713447560768511,-0.38545180440191806,0.060729121304784965,-0.20869087430119124
0.3556426121475725,1.0340373419926616,0.08646007105716273,-0.10234356626630495,0.9943914267149405,-0.01675347996227994,0.02075586251816693,0.45082595012468407,-0.19442082957280316,-0.052462801446885095,-0.4030292704236931,0.028920037625636594,0.1384168052304628,0.43837934266411765,0.10398515004952014,0.0667993834630757,-0.3852497658198087,0.0608182622018354,-0.20893726971288595
0.35565207760794776,1.0340368983354604,0.08643163782154928,-0.10237728736865209,0.994389420518545,-0.016780180632502473,0.020663904030203004,0.45097598824610696,-0.1944588102806213,-0.05249434186856312,-0.4031876011318333,0.02882042188957309,0.13826896702694907,0.4384847342652047,0.10393371543032107,0.06709307205714195,-0.3851597953295213,0.06066823273687405,-0.20874339419813367
0.3555651562225016,1.034045112289969,0.08646258911025553,-0.10234694134523406,0.9943901445446839,-0.016824683950365873,0.02074304798355954,0.45084997470226795,-0.1945719149810433,-0.05247189458649336,-0.4031710427852356,0.028817669092749285,0.13835752971294896,0.4381046323603032,0.10385634255418262,0.06701068311699064,-0.38487472436006553,0.06076589651924989,-0.20910294298292315
0.355533516239646,1.0340499315703089,0.08646045329079029,-0.10232427471671096,0.994391237897418,-0.016875576313835326,0.02076111077509131,0.4508830619374951,-0.19467307014594792,-0.05239528044673507,-0.40332983011009893,0.029277504738356837,0.13767205778596275,0.4380010253298203,0.10374604609278451,0.06734088767669331,-0.38481345939269324,0.060768815028159874,-0.2087962961009661
0.3555204347592175,1.034058287858053,0.08643212026909883,-0.10233888534558463,0.9943917854093338,-0.01685470173003634,0.02067966842703739,0.4508191608780235,-0.19464810480617056,-0.05259619896669605,-0.40331521492360883,0.029155206165984146,0.13773758833901775,0.4379725956064505,0.10378513204096514,0.06734270695843124,-0.3846952409176422,0.06075644535654619,-0.20877529013628565
0.35546803125279447,1.0340592369553305,0.08642028626868083,-0.10228260504443637,0.9943973158912678,-0.016893051663338918,0.020660872659830708,0.4506983408604888,-0.1947449020752935,-0.052614016976610715,-0.40344266922572425,0.02920563953271852,0.13806072683250292,0.43782340813894055,0.10369493171576373,0.06718040939219586,-0.3847920980647992,0.06072020532843236,-0.20838520341912328
0.3554259452946681,1.0340615002639173,0.0864134267982057,-0.10224355715654167,0.9944032852267211,-0.016862499885248575,0.020591683950118567,0.4506495272115855,-0.19470571229841158,-0.05276044140480314,-0.4036382077775578,0.02930779105436182,0.13798744767047574,0.4376644127305575,0.10374056382154767,0.06710492773653538,-0.3846207954677468,0.06080038724431985,-0.20879929422623875
0.35538163146668844,1.0340575656355477,0.08639978089746311,-0.10213168085759883,0.9944163419373407,-0.016843353080763398,0.020531929041280445,0.4504056683709592,-0.19471859485966173,-0.05295234849756219,-0.4038338710075177,0.02947010059769763,0.1380291583196793,0.4373810606569772,0.10377506333003977,0.06700048853555526,-0.38468079133758176,0.061082628225342654,-0.20912230390439226
0.3553608735305555,1.034059494184827,0.08638214321299986,-0.10209169453787523,0.9944223805039146,-0.0168357071854461,0.020444412999126405,0.45030932798881973,-0.19473295643810415,-0.05305126020798152,-0.4039450699672893,0.02949810515230684,0.13795840630610426,0.4373126525686318,0.10376296434239263,0.0670166597521898,-0.3846184369338874,0.06086122833323117,-0.2092151830855498
0.3553204533036759,1.03407447667825,0.08637088437735767,-0.10209410003049944,0.994422204764623,-0.016880917907675142,0.020403627633899978,0.45038245184537096,-0.19481326804736462,-0.05298930681385289,-0.4041677425006012,0.029459618539106912,0.13784693985784563,0.43730990680982107,0.10361948472720162,0.06672941841591483,-0.38472588745459924,0.06093998053675145,-0.20881613353524286
0.355305116308509,1.0340661343659363,0.0863725866434181,-0.10204442736943896,0.9944288718507329,-0.01686781355423271,0.02033790889992357,0.450334875152299,-0.19485767383749814,-0.053170976857034036,-0.4044622964860112,0.02971861739121716,0.13790086107231114,0.43726449091716846,0.1036325002621186,0.06675082047538347,-0.38479367992687663,0.061067155457885706,-0.20898545429517348
0.35527362536553003,1.0340550135614157,0.08636887222671787,-0.10199019730503402,0.9944368911496667,-0.016850986945244742,0.020231495575889484,0.4501962234692941,-0.1948329524087908,-0.053290445427842274,-0.40459111194550723,0.029813390837775917,0.1378345370281385,0.4372411512406879,0.1036286286666098,0.06661436688095725,-0.38497955860907035,0.061101887215257375,-0.20909832690812016
0.35524216064161934,1.0340590946505461,0.08637036373945267,-0.10196379888072007,0.9944406879393728,-0.01681689613399542,0.02020628350036847,0.4500430357564033,-0.19478646408013953,-0.053237811298866004,-0.4045202504132164,0.029844847876374987,0.13792663574952613,0.4372526470585533,0.10367174980424058,0.0665458476790691,-0.38514264801570086,0.06130195791349228,-0.20878671395899043
0.3552198620649043,1.0340436026707476,0.08638594110588688,-0.10192415111697305,0.9944460295691055,-0.016809390350680194,0.02014959278409016,0.45010200642446485,-0.19482759050060736,-0.05350766367829573,-0.4049119533368947,0.03005001629926949,0.13759203442631715,0.4372344163072806,0.1036614716928145,0.06621655466696409,-0.38536985454722145,0.061450801914331464,-0.20917992512154449
0.35520195244016256,1.0340516699686677,0.08636295750932549,-0.10194113879710265,0.9944467283644637,-0.016798238762187393,0.020038159607431806,0.4501250835637783,-0.1948174483434004,-0.05352948694458718,-0.4050568150129808,0.029992417202712698,0.13728152435434163,0.4373912130572691,0.10360570464150798,0.06565827360514662,-0.3855305849329556,0.06122791858585771,-0.208735134840885
0.3551800303126946,1.0340380945171954,0.08637292441682176,-0.10188436300890213,0.9944537640784427,-0.0168036261180807,0.0199731277913856,0.45005436784792047,-0.1948998389756865,-0.0537391815232175,-0.4052670035330939,0.030130232165443676,0.1375044554247836,0.43733518746065086,0.1035501458889729,0.06592785415968874,-0.3855696300974597,0.061382445446042,-0.2087726688971336
0.35514486867812517,1.0340434433352108,0.08638830554577809,-0.10187539169280611,0.9944574848490269,-0.016713727426126947,0.019908960563273338,0.4499134672264616,-0.19477749619391957,-0.05393901043383619,-0.405215183871358,0.030178731126713428,0.1376488161940917,0.43734183995500153,0.10368795271020355,0.06542971451797398,-0.38569745452617116,0.061487507424656765,-0.20905113748836113
0.35509956686059047,1.0340516631775447,0.08638047143757824,-0.10187640376600536,0.9944597676424703,-0.01666913942746224,0.01982696867747415,0.4498938823564621,-0.19470048018525968,-0.05393576901012182,-0.4054067119871158,0.03022429561444925,0.1375869341940046,0.43741403066240203,0.10373793593660964,0.0654656573411252,-0.38585596192809807,0.06140635004847985,-0.20884413235254412
0.35506845782114144,1.0340585738954626,0.08638725373455262,-0.10186824739807647,0.9944608662251617,-0.016673241804156233,0.01981031868712364,0.4498011437053902,-0.19473244335672574,-0.05408398856713464,-0.40532975364190316,0.03027692737208952,0.13773184010506376,0.4373749040624065,0.10371493052578451,0.06522278870298485,-0.3858228575548735,0.06132961761279859,-0.20870742900319225
0.3550209328139438,1.034058898357191,0.08638591417998889,-0.10187053734282578,0.994460751678695,-0.016714878887811868,0.01976916325732262,0.4498908352879279,-0.1948328464896646,-0.05403927397029668,-0.4056170756923474,0.030324269180936246,0.13742520555446175,0.4372635325600539,0.10358172956656672,0.06543185163182731,-0.38568298845818916,0.0614900374598273,-0.20851444532222574
0.35498342899939334,1.0340554405632356,0.08636413814983405,-0.10188976592890865,0.9944591014621954,-0.0167253744779389,0.01974418817089828,0.4498471582044208,-0.19484375103025975,-0.05423770721726672,-0.40554979613847664,0.03040191140270021,0.13739614649082793,0.43724930323212646,0.10357053806474727,0.06538371531697261,-0.38564828504176957,0.061483405898968134,-0.2086235911678752
0.35493469896253255,1.034070491192541,0.08636084775105168,-0.10185718955721235,0.9944614121950651,-0.016749141716827995,0.019775713444840567,0.4497825426315305,-0.1948858116015958,-0.05433865469856422,-0.40559017303147493,0.03036564679469601,0.13741832342879337,0.43695538919130456,0.10353199347625036,0.06538555812975706,-0.38533420312095934,0.06143483631487317,-0.20850607952036218
0.3548755698158201,1.0340923991816249,0.08635723440799492,-0.10184067664149084,0.9944631287773241,-0.016742274017364903,0.019780251372161665,0.4497205604072153,-0.19488708504284497,-0.05425486754412479,-0.40570325940184104,0.030314053092250434,0.13743301739582034,0.4367703529265768,0.10353931053799383,0.06538617693429416,-0.3852155885156409,0.06149814422506023,-0.20835335658697063
0.3548374572821837,1.0341039926377407,0.08633479389838376,-0.10179420496107432,0.9944679756200923,-0.016746076242555072,0.019772562628470183,0.44957538377961914,-0.1948761991147718,-0.05432680045700584,-0.40573100470366597,0.03047735478817262,0.1373836445564624,0.43654629576965803,0.10357345982028998,0.06564450168126897,-0.3850092169047767,0.06140444246244786,-0.2086555573296584
0.3548013035235741,1.034118555550466,0.08633406666755705,-0.10175101257824243,0.9944713521854783,-0.01678798495779834,0.01978950941143245,0.44951114609233633,-0.194945844659897,-0.05425542803684368,-0.4058649067802157,0.03042066304577819,0.13713130866954573,0.436288566088242,0.10348235938770994,0.06568758451229109,-0.3848103118830551,0.06144904699925769,-0.20867025728343816
0.35476301142274685,1.0341260315288918,0.08631212030493658,-0.10177447748169344,0.9944691700172867,-0.01674395042670604,0.019815795279653745,0.449415721326001,-0.19480471175950467,-0.054367128220989644,-0.4055980040459494,0.03040275556573674,0.13721630334877946,0.4362648653653463,0.10363249652585997,0.06594111160979534,-0.38479447075271994,0.06147513608196985,-0.20879053631464314
0.3547139031026166,1.0341393239870098,0.08629279968098008,-0.10173033297589922,0.9944721913906599,-0.016784068024686544,0.019856861882331378,0.44935018235862473,-0.19482830674490723,-0.05433463411057798,-0.40569387178288346,0.03030298020828191,0.13698443380251987,0.4359885930867343,0.10355524326746296,0.06565978001292597,-0.38455378783442035,0.06144859266758967,-0.2084822847971342
0.3546813627647042,1.0341251764150505,0.0862926526958468,-0.10171099864208658,0.9944737139867148,-0.016802167781138803,0.01986434248984097,0.44947345492375357,-0.19487132204129173,-0.054386994184930385,-0.40606113594772075,0.03043218760019602,0.13689032152934352,0.4358873160544816,0.10353182052864465,0.06572438842981974,-0.3845253621416004,0.06155359284233078,-0.20856674496533736
0.3546658047594507,1.0341290379478292,0.08628371830614585,-0.10159700043821038,0.9944842536606074,-0.01688183689614985,0.019852513847734784,0.4494276986154653,-0.1950654733740863,-0.05417942829596797,-0.40652672983336136,0.030587369308459986,0.1369838981763766,0.4356246004572389,0.1033330547780351,0.06568452442819678,-0.3845445604709638,0.06155303714313057,-0.20844143637906723
0.35464851241622725,1.0341348914861093,0.08625008448570895,-0.10155060655421595,0.9944906484785817,-0.016844973569888972,0.01980078944261471,0.44929435986394806,-0.1949518957200109,-0.054131307209983916,-0.4065866477454529,0.030822469689956916,0.13679933440958117,0.43559432912284846,0.10343663865828068,0.06564711179341165,-0.38468239696102946,0.06167867999735095,-0.20843502752627974
0.3546313861697443,1.0341296192769085,0.08621824506478669,-0.10158355216103901,0.9944881317697916,-0.016810702320429888,0.019787318839830467,0.44919996818894053,-0.19483961385016002,-0.05413542272786837,-0.4062896993896568,0.0308686989433215,0.1368582250094747,0.43563907341106245,0.1035498409220082,0.06589017033307097,-0.3846655773013194,0.06166222782684256,-0.20854900036838847
0.35461241602152965,1.0341097740530882,0.08620800932904393,-0.10154975980728245,0.9944919093425254,-0.016860092467066976,0.01972880678964937,0.4495267552385537,-0.19497340998559987,-0.05421558423709922,-0.40716438428648005,0.03104855544202709,0.13667145138357417,0.4355928712251038,0.1034306893518237,0.06522752881469869,-0.3847932155384006,0.06185919987159083,-0.20890218058816556
0.354604045325781,1.0341012593383372,0.08619785728753063,-0.10157606284683968,0.9944898276351831,-0.016886952996255415,0.019675289201961016,0.4497366167193818,-0.1950530777738461,-0.05420445366840861,-0.4075159612498716,0.031075039801223045,0.13645306338880375,0.4357757295456865,0.10334111097933474,0.06545148644399963,-0.3849383794020171,0.06175199053470424,-0.20882633616938998
0.3546087079343596,1.03408880689594,0.08617284183674276,-0.10153603921040444,0.9944960121399151,-0.016893078415712134,0.01956370314918384,0.44971482551709496,-0.1951054379131244,-0.054578580778632986,-0.4077576080908788,0.031142770265044997,0.13626783704965797,0.43582856642386053,0.1033213980411551,0.06521559015890559,-0.385087955677545,0.06178371192829523,-0.2087020783336507
0.3545870193019697,1.0340920130889317,0.08615992542827418,-0.1015209171613959,0.9945004516935998,-0.016888634642243414,0.01941980895517895,0.44971142961122584,-0.19516860015621817,-0.054835240287705915,-0.4079871026878306,0.031227163063280192,0.13624689559302616,0.4358711260769234,0.10325561550130634,0.06487658546425663,-0.38522304251979334,0.0619069135460989,-0.20852828683065716
0.3545640017011848,1.0340826441855109,0.08615080057141046,-0.10150810719764426,0.9945038546695906,-0.01688961806233619,0.019311344390947262,0.44983125261151696,-0.1952467564494912,-0.05489638731451436,-0.4084348988186483,0.03138228180020044,0.13664789735289537,0.4359403477210379,0.103216428862282,0.06477327959905577,-0.3853467323746495,0.06181483991795165,-0.20862686343800504
0.3545273279737444,1.034069748537641,0.08614804652599022,-0.1014655895432679,0.9945107323203307,-0.016871716189005896,0.01919590141550991,0.449817934021528,-0.19526890024750668,-0.05507852741618216,-0.4087962450733446,0.03142826855621545,0.13647872071544964,0.4359107856153575,0.1032042555195594,0.06481664101902544,-0.38549555682228004,0.06196334895869826,-0.2086874017247614
0.35449779725107666,1.0340799238763863,0.08616008243880002,-0.10141540074649873,0.9945172291768885,-0.01685051917440073,0.019143076171408025,0.4496697574200927,-0.19524554443498093,-0.05500151711772604,-0.40884316812804383,0.03150691797509314,0.13616381872256528,0.43579540556933244,0.10318906099953673,0.06444194722621907,-0.38547039002765005,0.061981437769040006,-0.2084569959569189
0.3544910243191703,1.0340768149442934,0.086147321892879,-0.10141654702292313,0.9945177099731658,-0.01687375213576286,0.019091490998292927,0.44975645827077165,-0.1953249419937182,-0.05526286704084698,-0.40904923799212983,0.03149667867679034,0.1363299237160449,0.43581305525994624,0.10311362604323794,0.0645128383244953,-0.38548070775256443,0.06199373437922951,-0.2085003248374473
0.35443817615384016,1.0340738878815483,0.08614943534118018,-0.1014046290807335,0.9945197785971567,-0.016909056142188156,0.019015651459827622,0.44974410046987034,-0.1954291926044168,-0.05537021740977287,-0.4092561971502862,0.03148216131564642,0.13619774048215172,0.4356996292156034,0.10299719741461047,0.06437512946920464,-0.38546307620220077,0.06202477562624448,-0.20851501823539018
0.3544148571392227,1.0340759038273641,0.08613615908230418,-0.1013913721122849,0.9945226062017831,-0.01691901044148504,0.018929408350028938,0.4497318907592496,-0.1954992483269326,-0.05547311366259989,-0.409452223184264,0.03171397778010035,0.1362617802367293,0.4357104367786675,0.10295410124097099,0.06427322839143433,-0.38546119280187874,0.06188898018300583,-0.2086830620374991
0.3543649426016566,1.0340657239394926,0.0861355566453413,-0.1014325774306499,0.9945186508500562,-0.016956298781436473,0.018883042095852207,0.44985159084091253,-0.19559323723010072,-0.05545526538581568,-0.4096598188998398,0.03202928194674108,0.1360178406584171,0.43574801810313135,0.10285914584984746,0.0642053090857161,-0.385418718040479,0.06200536722453179,-0.20844588455573645
0.35433625481962616,1.0340669207224253,0.08613228322137158,-0.10141934593052393,0.9945197140944436,-0.016992992146631487,0.01886512036630658,0.44988654025889496,-0.19568127324213797,-0.055359225866423535,-0.40982554765568185,0.031951023627950076,0.13597763243156324,0.4356147524386042,0.10280726243100599,0.06418078763173946,-0.38533881835737044,0.06208403172551437,-0.20904680716336022
0.3542865460546816,1.0340527751974955,0.08611262899544958,-0.10141375411655955,0.9945212901056847,-0.017018444729152676,0.01878900054583093,0.4498521731740908,-0.1957512076730244,-0.05559433016877315,-0.40997032110406273,0.03212354238495016,0.1357394284838573,0.4355975047070272,0.1027273043722095,0.0643725305734854,-0.3853710954009703,0.06218551561725135,-0.2090172571184907
0.35425774884358885,1.0340548500013464,0.08609593051463763,-0.10147678624846336,0.9945145300247361,-0.017074075144080773,0.018755995850295325,0.45003365268434853,-0.1958753022548392,-0.05536934721867866,-0.41013573553835264,0.032072299573645456,0.13587788714124596,0.435706451405654,0.10260701128432032,0.06402603500142899,-0.38540261875119847,0.06211649230718822,-0.20871275161174088
0.3542074760243761,1.0340491472744127,0.08609067727370105,-0.10144373942866061,0.9945187377263073,-0.017098120716208982,0.01868963108186889,0.44997151436169847,-0.19594701693260066,-0.05546065937609998,-0.41032301478094274,0.03226072532486109,0.1359345955822271,0.4355662988909644,0.1025431321889186,0.06430732524700232,-0.38527219345504393,0.06221525077069201,-0.20899346156548526
0.354159898934413,1.0340556262533342,0.08607934956495913,-0.10144383164820563,0.9945165615932083,-0.01724021398578112,0.018674387783197733,0.4499258335673058,-0.19619976419533547,-0.05541846451904936,-0.4102884896889173,0.032503998677690285,0.13559121256108622,0.43541625838786074,0.10225726472176143,0.0643830754074849,-0.38506255970855835,0.06207410413929688,-0.20912029458717346
0.35412180293799306,1.0340397529823346,0.08607612230870142,-0.1014660485821485,0.9945152093187416,-0.017224203822262203,0.018640445850724174,0.4499891766239728,-0.19619296085699495,-0.05542115431765303,-0.41045020992805814,0.03259397825920406,0.13571894556615982,0.43544258352223447,0.10229780205974973,0.06439669646685955,-0.3850709273920302,0.06219556210217668,-0.2090819548192738
0.3540922995460078,1.034028712517709,0.08607476451454098,-0.10150978531708041,0.9945107002608895,-0.01726876138320217,0.018601624438888905,0.4500933692655886,-0.19628912446284263,-0.055482867692523995,-0.41058954818060983,0.03261040145564776,0.1354754758412161,0.4354371196927741,0.10217428369334741,0.06390562910100737,-0.38502368795065334,0.06235752450926224,-0.2091519295323218
0.35406883797862476,1.034039757174273,0.08606153134872913,-0.10151279315888935,0.9945106067029817,-0.01736156930979595,0.018503564290393584,0.4500630985772281,-0.19649529230736176,-0.05528216962329517,-0.41063124293471004,0.03274441533098616,0.13532685930494878,0.4354330661140225,0.10191361546323675,0.06398831321580506,-0.38491538938837133,0.06220657871430622,-0.20888728818891494
0.35402367398902984,1.0340238441888387,0.08606130983560913,-0.10158135848561146,0.9945030050518379,-0.01739852858088232,0.01850112846023056,0.4502265670176781,-0.19661056229477436,-0.05548542354220508,-0.410745177037727,0.032859842461907575,0.13534457875491065,0.43559160638068195,0.10183799458039092,0.06399640317093626,-0.3850282004854863,0.06220400600756029,-0.20885249751036053
0.35403152788520537,1.0340058821072813,0.0860699287751689,-0.10156757548788695,0.9945049033142628,-0.017397850230259724,0.01847538093698724,0.4502793417471162,-0.19659050249367682,-0.05530229839228947,-0.41093014809745243,0.03290466317916771,0.13531679103230804,0.4356470869241614,0.10184002616628321,0.06422121690697284,-0.3851659542885884,0.06220982379925966,-0.20906228532977655
0.35400554785166055,1.0340039139830184,0.08607609068497205,-0.10153532763490795,0.9945089552295885,-0.01736754897614217,0.018463029350181036,0.45018150208805147,-0.19652674145830845,-0.05524466284719806,-0.41096048669458873,0.03314212732704295,0.1351335722229317,0.435684985322426,0.10188403765532164,0.06381862785011219,-0.3854407058231184,0.062378607440387084,-0.20879323063517138
0.3539891968035203,1.0339949291101587,0.08608784270429122,-0.10148644994421117,0.9945151571474916,-0.017335067565560202,0.01842818803134922,0.4501099592903242,-0.19648644627335596,-0.05530448736657824,-0.41112722867793805,0.0330809297682664,0.13511796606330234,0.43568220511358163,0.10193257300507812,0.06379241777137272,-0.3856506073402654,0.062456937744697405,-0.2088427138451027
0.35399397381383974,1.0339871434145547,0.08608630833799603,-0.10143557715558217,0.9945211720369361,-0.017332771572957043,0.018385784916410516,0.4500693992746123,-0.1965046118340596,-0.055257965698064314,-0.4113343818829357,0.033156151494260086,0.13506952696752236,0.43576975227327586,0.10191735218270981,0.06383207252629165,-0.3859882145673659,0.06258706240422425,-0.20898133486768689
0.3539883275244309,1.0339826478885965,0.08608209156937821,-0.10139120886370726,0.9945263178393027,-0.017341248445674164,0.01834412692116612,0.4499920931093524,-0.19654089054805665,-0.055389246292413916,-0.4113489548743398,0.033293374204557954,0.13495794899861208,0.4358305727888231,0.10184800057038935,0.06336795473350532,-0.3862787152969198,0.06271244944492536,-0.20875657438927642
0.3539688006898947,1.033968087466969,0.08610273539494147,-0.10134138837641932,0.9945320594727538,-0.01733760349892817,0.018311558855996977,0.4498303181016647,-0.19658109171563143,-0.05548611563835728,-0.4113362015617606,0.033316878501455864,0.13506030975467037,0.43583993257562653,0.10183536203372727,0.06351964292692475,-0.3865104907609089,0.06261975968915597,-0.20884814066749358
0.353984534466942,1.0339665256481647,0.08609355952147962,-0.10126524447218034,0.994542368474891,-0.017268538555701988,0.01823801377601056,0.4496871159972933,-0.19644799332760335,-0.05547299234965949,-0.41147795578335317,0.03348581096632975,0.13491489310939897,0.43588539147822764,0.10191307229528118,0.06295131597832178,-0.38678905276753167,0.06267998402304623,-0.2086593180342404
0.3539818338666833,1.0339612122894346,0.08609037868231603,-0.1012648910839522,0.994544213427184,-0.017198351214015598,0.018205660871791027,0.44966646661041665,-0.1963122943806522,-0.055559906294299875,-0.41152148627854307,0.033463518066904605,0.13495339666089526,0.43600945364933963,0.10201889711888028,0.06274382905975927,-0.387042932071779,0.0629073586902727,-0.2083073227847628
0.35397509355043644,1.0339698961362425,0.08609935901782352,-0.10123131893828703,0.9945478324548709,-0.017208575810329568,0.01818499227145992,0.4496104978440381,-0.19636823671499748,-0.055697647722465694,-0.4115625412394497,0.03353919681934309,0.1348882356557331,0.4360514184438193,0.10195614366092373,0.06275739997717804,-0.38726472246722676,0.06290990883724257,-0.20805419294060692
0.3539431008277698,1.0339595874916914,0.08609487910393324,-0.10121363179546383,0.9945496169518913,-0.017220789931213898,0.0181742827578852,0.4495399585367258,-0.1963955289631786,-0.055837842894998435,-0.41160103764806055,0.03362145630591447,0.134704308999752,0.43602646046678323,0.10191233127099458,0.06249784163416746,-0.387388798180036,0.06291212725922674,-0.20791833027624884
0.3539631782880551,1.03395612635415,0.08609633384621207,-0.10116464824875974,0.9945553958512116,-0.017200302256976597,0.018150155101629397,0.44945142407522015,-0.1963741446278409,-0.05582734466741111,-0.41161655091891547,0.03371091070425045,0.13476207918367847,0.4360006591402511,0.10193660676719712,0.0623342191948948,-0.3874856325868736,0.06292053792539458,-0.2078121055245889
0.35393810530318714,1.0339375297679214,0.08608243718512344,-0.10120706230147868,0.9945511188715622,-0.017159952589669954,0.01818621782418275,0.44950157284816106,-0.19627062951623453,-0.055893886234754386,-0.4115735811664114,0.0336827395568773,0.13491620023360937,0.4360940871872668,0.10206420913085941,0.06252046406194489,-0.3875320429535494,0.06314102633750486,-0.2079222699160363
0.35393501840026925,1.0339413741562093,0.08607190696490971,-0.10114372652783456,0.9945572321899496,-0.017187832677972584,0.018177923164193557,0.4493941781523208,-0.19634128808336487,-0.0558587479779012,-0.41169074365449637,0.03377439201693892,0.1349506711072346,0.4360347215710448,0.10204675137389575,0.06285616375875445,-0.38766826905972823,0.06309520766797101,-0.20820426378163975
0.353937970514096,1.0339326012546943,0.08605552414412691,-0.10116048363605452,0.9945561901236901,-0.017151820117757184,0.01817570641868066,0.4494883938294961,-0.19625075038775064,-0.05588427391800833,-0.41179034312500795,0.0339420935152343,0.13475195379561672,0.4361505117637397,0.1021419221114463,0.06289609977780522,-0.3878462446689489,0.0632669656455946,-0.2082659622153571
0.35393261173661555,1.0339250518574572,0.08603177664537587,-0.10115778058759825,0.9945561928408561,-0.017149253080839325,0.018193015892437985,0.4495156360731794,-0.19619537256866085,-0.05590313988303733,-0.41181467132489336,0.03383789374535027,0.13472840503535619,0.4361983406139632,0.10221053140816315,0.06295780985682681,-0.38796289613481516,0.06322685837040971,-0.2084214784790256
0.3539399250885915,1.0339198487927155,0.08602157675254687,-0.10110897421225482,0.9945604778180012,-0.017176430057890373,0.01820443755355161,0.44945331382464737,-0.19623661058742828,-0.05572104399188311,-0.41192727926139217,0.03394185868523675,0.13467784646273745,0.4361713376381773,0.10216607249961902,0.06292608118677118,-0.3881182291748334,0.0632872128219136,-0.20834550332038038
0.35391522960260086,1.0339221807184051,0.08601838717438007,-0.10100342699839229,0.9945691321491298,-0.017267231434056052,0.018231616201253378,0.4492715823136296,-0.19640194461521324,-0.05574692348018807,-0.4120032154382105,0.03407848887430837,0.1346142125798214,0.43587968186604764,0.10196048797678421,0.06257162592706327,-0.3881317975349052,0.06324607974912752,-0.20807892909829007
0.3539259375310726,1.0339177036766267,0.08599213330159566,-0.10105327717227627,0.9945657712084128,-0.017211220809319937,0.01819164070695971,0.4493875635809118,-0.1962874394683608,-0.05569293019830713,-0.4120793845785485,0.03414544727364983,0.13464425784143244,0.4360311929749202,0.10208352127428243,0.062684709952034,-0.38811849479584,0.06336565536290006,-0.20789210157855934
0.353929414634795,1.0339208953937118,0.08597357767584798,-0.10101146538475415,0.9945686319895407,-0.017288123322720558,0.018194529816862117,0.4493701548350271,-0.1964377678876216,-0.05563249170916559,-0.412186890615941,0.03425555028861686,0.134645046208891,0.43594398133566964,0.1019589080297098,0.06294454314060394,-0.38812897065525975,0.06328916617107959,-0.20820182962419825
0.35396141717543683,1.0339211825376706,0.08594801956124414,-0.10100474580833259,0.9945684750313023,-0.017337499303930536,0.018193430572330232,0.4494393468835631,-0.19649891584184997,-0.05560713371504572,-0.4122377200244965,0.03425053709916225,0.13451180716593406,0.4359704527215423,0.10187622082480943,0.06302205999904187,-0.38811361937682104,0.06324685682935671,-0.20816124079680454
0.35393633325619805,1.0339133911278189,0.08593220045074039,-0.10100252791654582,0.9945679118957051,-0.01738392322915527,0.01819222897413094,0.44942393877974884,-0.1965804197276264,-0.05569506298807606,-0.41226259279869,0.03443598301099421,0.13427899764085321,0.4358198048418947,0.10177759179477422,0.06302502879426251,-0.38784018453138086,0.06309226369413605,-0.20826806032400244
0.3539515378599783,1.0339176776305197,0.0859175421373066,-0.10101155305616565,0.9945677505874101,-0.017361474239801136,0.01817236508826886,0.4494568317992565,-0.196526032502786,-0.05551851022914071,-0.4122905220012734,0.03429115138828287,0.13442423690492628,0.43581826436189025,0.10182490850040327,0.06275551088293889,-0.387805753012537,0.06312550063475517,-0.20809344170949445
0.35397388844870215,1.0339228662577455,0.08590012146430263,-0.10099679003915005,0.9945691983122963,-0.01737028255665484,0.01816676785028826,0.4494783213166281,-0.19654254234155233,-0.05547144662415427,-0.41236419325694945,0.034356383253994566,0.13447873969383706,0.43578665750344975,0.10183296606910276,0.06278357308158422,-0.3877514972729198,0.06313572601543457,-0.208094447976845
0.3539925419995172,1.0339138333882811,0.08588723250391556,-0.10099138046325332,0.9945701485017372,-0.01737639907551034,0.018138950811100073,0.4494481741789391,-0.19655081729544466,-0.055469053706778695,-0.41231686700033354,0.03434686582918983,0.1346419229990191,0.4358098063156635,0.10182174480006077,0.0626134841128034,-0.3878153612952225,0.06308649436939855,-0.20788269471563
0.3540056752733536,1.0339215594304552,0.08588375613335525,-0.10097433612619044,0.9945734831312942,-0.01733039170484916,0.01809496115819806,0.44935284338048703,-0.1964465999233898,-0.05545647045223531,-0.4122279906008106,0.034223015515985104,0.1344736377186174,0.4357962461569531,0.10190701530484547,0.06279278671070938,-0.38775599132326904,0.06313901842534171,-0.20827599931004506
0.35402650314624506,1.0339157661741154,0.08586505401567848,-0.10097158950044116,0.9945739028553444,-0.01735464149746681,0.018063950048005196,0.4493298370606385,-0.19651642470829256,-0.055560955580368644,-0.4121717561650934,0.034283468948418855,0.1344292868085813,0.43583438537718966,0.10186941258429369,0.06265029833898433,-0.38775995309044564,0.06300606353761817,-0.20841661494964275
0.35409260359016625,1.0339049787115118,0.0858830747187789,-0.1009705867380662,0.9945754935878408,-0.017340376880894827,0.017995541056105024,0.4493213174516155,-0.19654510941440517,-0.055790019544297374,-0.4120860520927178,0.034258327401148085,0.13458923641194373,0.4360745682851827,0.1018273928667983,0.06244225221403663,-0.38807787668685667,0.06299993730365498,-0.20816737064554783
0.35411944829381437,1.0338930976379492,0.0858645935433979,-0.10098916607162083,0.9945747350654224,-0.017320281117704225,0.0179525086744779,0.4493291986394282,-0.19648743168759508,-0.055967563252232906,-0.4119747284003507,0.03441723510855559,0.13436753484858163,0.43618961685640845,0.1018542486320851,0.06240680781454483,-0.38810102147914033,0.06309975901948,-0.20795144082267894
0.35415301604392585,1.0338967920026862,0.08586298639545283,-0.10101565069330752,0.9945715375946909,-0.01734370767559813,0.01795802677365599,0.44936822467541837,-0.1965306568622623,-0.055703947636979084,-0.41188751577558047,0.034424098502449714,0.1343796295357498,0.4363483289267072,0.10180504802284471,0.06236175566615663,-0.3882687477408912,0.06296683002532019,-0.2079205747084606
0.354196335591525,1.0338795782094314,0.08585643388825434,-0.10107954664915884,0.9945656051814055,-0.017320521111832105,0.017949423048097896,0.44950649268655923,-0.19648450835801037,-0.05580478695744606,-0.41178741744267344,0.03437277197952582,0.13450504072151476,0.4366482241313645,0.1018703777065376,0.06210652933840719,-0.38843111043265394,0.06295280666366242,-0.20778280136227806
0.35423222106324503,1.0338867064306445,0.08582668332676567,-0.1010751389062897,0.9945665678984493,-0.017308728559499418,0.01793226782721609,0.4494383343879755,-0.19640800922303028,-0.055834257398471934,-0.4116368394982302,0.03424060842787592,0.1344854255554771,0.4367026723976252,0.1018972774660498,0.062129853942417,-0.3884623369537097,0.06281574676184283,-0.20786096674787322
0.3542630800850572,1.033885200519551,0.08583104359902526,-0.10114035429855814,0.9945599691097048,-0.01728470562686797,0.017953705140101806,0.44950364363608564,-0.19635846740560503,-0.055753550844885036,-0.4114377341958325,0.03423109665642266,0.13450139480178616,0.4368224332712309,0.10197116024673172,0.06217816336852376,-0.38836565365369047,0.06273582366807097,-0.20797363065616603
0.3543253112651489,1.0338903223742322,0.08581964199279898,-0.10112304531733725,0.9945609333758227,-0.01730900197363576,0.017974369503176976,0.4494013790284926,-0.19637023365124462,-0.05565285275932788,-0.4111491392764423,0.034105467832677996,0.13456734074132104,0.43676618644122217,0.1019541782458913,0.0624347769962736,-0.3881588811393167,0.06258469253907621,-0.20822962481525478
0.3543467843733399,1.033891288950543,0.08580515725787977,-0.10118664540353915,0.9945535656996627,-0.017321011328942103,0.01801250434025549,0.4494522748024493,-0.19633593284210302,-0.05580516240421212,-0.4108197433640773,0.03391649412909407,0.13419792491090804,0.436859397894795,0.10196009900629453,0.06256694971481187,-0.3880234366060198,0.06255385744237997,-0.2082401503884687
0.3543996206075694,1.033896078211815,0.08580177202048485,-0.10128018148674187,0.9945427761645924,-0.01735199531474336,0.01805268610027568,0.4495371760175128,-0.19635454908449146,-0.05575737193841555,-0.410453125104894,0.03387692899617722,0.13407295424365062,0.43707059287588107,0.10192354158904765,0.0626944862380926,-0.3879828769403904,0.06242275991919166,-0.2082852586639657
0.35443416481580475,1.0339022890808922,0.08580029843137243,-0.1012923500386757,0.9945411715418787,-0.017299036337657562,0.018123500587307332,0.44945108745193346,-0.19619746829820092,-0.05562934087850586,-0.4101264065775723,0.03371499691870198,0.1340405101065847,0.43703374179748095,0.10206788285946915,0.06248174025168422,-0.38779993925382744,0.0623164852264755,-0.20818471577342393
0.3544831193046818,1.03389852869072,0.08579937389090701,-0.10136190937726784,0.99453286728423,-0.017286286323623456,0.0182022944691229,0.44949119920611624,-0.19613280034668235,-0.055620596337720166,-0.40973095526262426,0.03374145383401616,0.13392750670620682,0.43722726073316714,0.10215679837531193,0.06259032518523433,-0.3878441209736236,0.062326504248402984,-0.20819790207963526
0.3545405812054221,1.0339054474337217,0.08578835851306171,-0.1014834490967138,0.9945200807605947,-0.017213862607652092,0.018292114626246428,0.44966369200907447,-0.1958671924650218,-0.05543751061821186,-0.40943435934210204,0.0335283498523095,0.1341962817584683,0.43742882565606184,0.10238096294029028,0.06300881008912085,-0.38769726454811204,0.0621618747478401,-0.20838743156096878
0.354567883752068,1.0339077270212367,0.08579623412438728,-0.10153157577693803,0.994512806131021,-0.017222360111840643,0.018412166462210635,0.4496669727443477,-0.19585087594557088,-0.05542282813947387,-0.40900604021149534,0.03332982666889732,0.13416893086161558,0.43752606678189954,0.10241837511842608,0.06295287975107312,-0.38768723682713596,0.06208015489871135,-0.20825583522697502
0.3545923956799875,1.0339164936412608,0.08580386012791594,-0.10157894876425708,0.9945058073294675,-0.017231365363134632,0.01852016208446547,0.44967196465566484,-0.19579493041925816,-0.05526750559073517,-0.40870295954086494,0.033327603754328056,0.13420055830078412,0.4375550467310831,0.10243720779033055,0.06315204079588681,-0.3875655521521696,0.06203627345850537,-0.20829607154078114
0.3546378873032875,1.033912657450016,0.08579115206644977,-0.10169180372143015,0.9944924566094787,-0.01718987136216212,0.01865580674424022,0.4497677947735369,-0.19561324190556378,-0.055260247678278036,-0.408145905977429,0.03307200804776157,0.13422385587961103,0.4377882244165453,0.10262247902072427,0.06352154143966572,-0.38751024863125844,0.06193242739503973,-0.20848577335504143
0.35467873545978634,1.0339068894967958,0.08579650803078094,-0.10183279812449969,0.9944762012121562,-0.017152130086045426,0.018787519322287054,0.4499557533973678,-0.19545686172379087,-0.05509729372047957,-0.40771389289665294,0.032860270973001274,0.1341796122928302,0.43804846402863595,0.10277206347329602,0.0636781227564148,-0.3874275851593031,0.061728755117549536,-0.20870157556507118
0.35477725046951386,1.033917485653839,0.08575586428130236,-0.10189690555286553,0.9944689359972851,-0.017113251637986337,0.018859814250222873,0.45016775968860423,-0.19531780572171836,-0.054905772552681996,-0.4076115456246389,0.03267478042678613,0.1344416346530481,0.4382431716211318,0.10294970740908782,0.06377465735382178,-0.38736854797729875,0.06169380146742626,-0.20874882647952445
0.35479753854665885,1.0339190597347254,0.08574808178925876,-0.10195060497760258,0.9944606944260856,-0.017149438999005152,0.018970981216263557,0.4502114985068909,-0.19532836165893336,-0.054943246730650507,-0.40732300012344796,0.032747347381931795,0.13450181933644978,0.43834051490880016,0.1029398292711377,0.06381026401955811,-0.3873712257116033,0.0615582757578342,-0.20841804840823605
0.3548472654015242,1.0339302824313876,0.08574314627924089,-0.10198286297196514,0.9944556228337601,-0.01719084418559604,0.01902589683947175,0.4501867244706598,-0.19537122886315506,-0.05480883227190976,-0.40692362051129055,0.03258939545331952,0.1345584025794331,0.43834543248863117,0.10289180663435586,0.06419639121518401,-0.3871812862063997,0.06145391388529181,-0.2085422989221215
0.3548704334498904,1.0339319484913063,0.08576415276953536,-0.10205547742191584,0.9944475329429308,-0.017101813532932237,0.019139271819698465,0.45006358308686784,-0.19514452107524924,-0.05476785201937498,-0.4062834038334949,0.032343355390830025,0.1347909910978159,0.43848426967836773,0.10312353451474002,0.06422656294919465,-0.38714438319677114,0.061328025546659413,-0.20870936940976825
0.35490833280305395,1.0339393889699726,0.08576412708843136,-0.1020887185374905,0.9944427050340133,-0.017071772130990606,0.019239400934409196,0.4501211859344913,-0.19508660292877056,-0.05485944300597092,-0.4059779260920598,0.03201802667191395,0.1351373397674513,0.438498360408184,0.10323046505203436,0.06439620125143299,-0.3870263889156824,0.06128634094811911,-0.2086055447434138
0.3549693950388258,1.033937563169385,0.08574497029752388,-0.10219136334380906,0.9944335062968152,-0.01695280632442479,0.019275091955220848,0.4501791318437139,-0.19478063656561356,-0.05480900837611801,-0.4055675329878286,0.0317719937723263,0.13545749215641503,0.43888477316649743,0.10351607358023526,0.06409929554837245,-0.38722007386408513,0.06123382999170615,-0.20846184808415893
0.3549671558111762,1.0339514142870003,0.08576734437783624,-0.10222020963130697,0.9944290367090869,-0.016936446704308616,0.019366890968902383,0.45007738650096873,-0.19475257654190808,-0.05481908843980041,-0.40517774161272063,0.03174129175842412,0.135638257252642,0.4388485586281574,0.10354812219077884,0.06440781755814569,-0.3870853572711463,0.06129731123590928,-0.20858824224993722
0.3549894365648959,1.0339600502545188,0.08575821099341403,-0.10230705739342186,0.9944209251310964,-0.01684898634757443,0.01940106512469544,0.45006108359264346,-0.19452029594173273,-0.054802734970480764,-0.4047113916385321,0.03154046461667279,0.13546472292353573,0.4390644343561777,0.10376729365420558,0.06440301873721935,-0.38711076854271514,0.0612409450979536,-0.20848892368701363
0.35501897949991684,1.0339639064128603,0.08577854481430425,-0.10228300630980841,0.9944227887150675,-0.016779364291466363,0.01949248158521812,0.44984940091525927,-0.19435328648760886,-0.05488456683795646,-0.4042420012576082,0.031312152301070074,0.1359786654194244,0.43908159172425515,0.10394307415030928,0.06443801883417691,-0.3872448799741359,0.06113866836399605,-0.20857551279656542
0.35505363565073134,1.0339416652928053,0.08579492720323818,-0.10237548791225876,0.9944129811993219,-0.016699584440589946,0.019575652645968927,0.4500795793516273,-0.19417123687261628,-0.05496216281319272,-0.4041414495427206,0.03123389342020901,0.13608042533148906,0.4393217554869246,0.10414998125329684,0.06459546610887093,-0.38731661772575227,0.06122752895337506,-0.20852484733271373
0.35511330231276445,1.0339479891876,0.08577500418108407,-0.10240122355480069,0.9944106194765776,-0.016649392173351776,0.0196037503286165,0.450093664785687,-0.19400249199461517,-0.054781330384422386,-0.4039198278150119,0.031167922689109926,0.13598134043852345,0.4394527320463219,0.10427730148604068,0.0645654384345165,-0.38730745994446464,0.061132210557673684,-0.20853838668427394
0.35508336576628136,1.033950954371371,0.08580158416559498,-0.10249458958677875,0.9943980998841951,-0.016675737753336622,0.01972809728590298,0.4501845691794111,-0.19403766165572622,-0.05466235646506579,-0.40364874147804064,0.031168443751341396,0.13607072165815737,0.43949367259121336,0.104232019408105,0.06446974906068946,-0.3871734597472722,0.0610889624698594,-0.20826651072129465
0.35510374604352934,1.0339580722223138,0.08580126363138767,-0.10253944281977008,0.9943923453648756,-0.0166859745742016,0.019776359585681653,0.4501810094723915,-0.19402829420955103,-0.0546041579038566,-0.4033290073682876,0.03099725805477268,0.13629114015358487,0.4396168615537241,0.1042381826410805,0.06467045494374442,-0.3871971709114078,0.06114253256478815,-0.20800891713931313
0.355112060903855,1.0339635095723012,0.08579350370941854,-0.10257882508096786,0.9943873031687263,-0.016684118008948444,0.01982715683347864,0.45024432087683597,-0.1939717591770592,-0.054430278933850294,-0.40323745049093185,0.0308206127347539,0.13621179352152193,0.43959171015778753,0.10426942881449892,0.0646577683507272,-0.38695440574340595,0.060922945158460015,-0.20800391815525152
0.3551164604797784,1.0339666456438337,0.08580355668146313,-0.10263526889007095,0.9943802102894346,-0.016673061303581937,0.019899949531834937,0.45023000322874357,-0.1939362400379268,-0.05444389566787709,-0.4028832524317146,0.03068263190674897,0.13633916414895658,0.4396267894529926,0.10433134663321238,0.06497425130564287,-0.3868443642545637,0.060937775284339704,-0.20808290285005682
0.3551137769798465,1.0339687311428856,0.08580946184490995,-0.10266065746257644,0.9943762730054744,-0.016710944761466354,0.019933926313524822,0.45032039867377743,-0.1939871463545986,-0.05438151024012204,-0.4029012142143607,0.030610896940068546,0.13647750900337358,0.43957258818272466,0.10425308140686652,0.06520663026625702,-0.38669966066212386,0.06094206928149936,-0.20816116015830513
0.35510957526504827,1.0339805536365514,0.08579901082178827,-0.10271327631564142,0.9943683513846356,-0.016743506987219783,0.020030466966033854,0.4503294684136097,-0.19400200982264446,-0.0543266320391145,-0.40257218362683755,0.03061366152110501,0.13650944412687038,0.4395821772482062,0.10421574196258261,0.06479499946916394,-0.386645840589469,0.06088954694302698,-0.20788327530667525
0.35512599361983493,1.0339747003097468,0.08580661094667504,-0.10273160259923193,0.9943662030867431,-0.016735211420187013,0.020050054487933074,0.45051809707510543,-0.1939790633566232,-0.05413026990966709,-0.40285457086582277,0.03056531927218155,0.13629676651198366,0.43960047132594665,0.10424917096981305,0.06502027130560145,-0.38652769039219304,0.06094778010620584,-0.20786121739178506
0.355129774800181,1.0339826710005362,0.0858118275074633,-0.10271799751309368,0.9943664996768822,-0.016770282677803047,0.02007572977880247,0.4504865252351611,-0.19403193413340136,-0.05408856073807772,-0.40277887369451604,0.030453836500685505,0.13640424218300776,0.4394521169639369,0.10420798626632401,0.06532832263411888,-0.3863010364824879,0.06080227502801209,-0.20823717954343085
0.35512757361734243,1.0339795474201687,0.08580230507203747,-0.10272143815031784,0.9943676074165958,-0.016715249338729272,0.020049137249993583,0.45049422306940196,-0.19390249007184443,-0.05410453208323642,-0.4028001068176852,0.030577285113309757,0.1363640412741995,0.43948830776248893,0.10434255117193464,0.0653987773931077,-0.3863857489251581,0.06085230215465814,-0.2083303814348725
0.3551135155511377,1.0339883472627496,0.08581386339271396,-0.10266357897059127,0.9943715053122261,-0.01675417586708945,0.020119556830631314,0.4504149902732847,-0.19399283996642136,-0.054115699753284924,-0.4028547131264511,0.030489563346204018,0.13652529815401024,0.4392772441259001,0.10425684551153418,0.06549572773095988,-0.3862891622223354,0.06088247742240589,-0.20825492525073283
0.3551042683677703,1.0340042320321927,0.08582030634659349,-0.1026980797614143,0.9943672927614573,-0.016762262738881213,0.020144926096693275,0.4505238444585017,-0.19400474902900514,-0.05377076019150035,-0.4029338475747653,0.03043172368470677,0.13677729805199743,0.4393270161310997,0.10424392930586349,0.06551864011088986,-0.3862622819407725,0.0608376769162147,-0.2082824787477803
0.35511139984820145,1.0339952667321701,0.08581304894826068,-0.10264558431851173,0.9943724637330421,-0.01674726534466942,0.02016969243360737,0.4504229017231294,-0.19394143643401557,-0.053966436657133625,-0.4028409298166967,0.030463524664817783,0.13666574573682716,0.43925940468334784,0.10429984840402921,0.06533582778412936,-0.38634744596100595,0.06083257206145381,-0.20825170840900262
0.3551016738991921,1.0339919889548141,0.08582158896275649,-0.10259225153879248,0.9943785620940286,-0.016779461524341125,0.020113548741245837,0.4504027546842389,-0.19405410727369563,-0.054010118804742636,-0.4031341189301767,0.030614217442960088,0.13653162583466208,0.4391892563164191,0.10423327432289496,0.06564736402226162,-0.3864340895956486,0.06095584770434179,-0.20827200679798152
0.35508769640715604,1.0339769091995732,0.0858359313802631,-0.10259937307883671,0.9943784571125927,-0.016749253806414167,0.020107589888840188,0.4504404452814899,-0.19401991241638317,-0.05424180415175108,-0.4032180534244929,0.030617990430804622,0.13656806369077615,0.4391726117884681,0.10426914816980273,0.06565112935695454,-0.3864087751933255,0.06105871252463771,-0.20825081179818508
0.3550909375631336,1.0339778259009806,0.08582599953764151,-0.10264262135500944,0.9943743175781289,-0.016757576187154642,0.020084632501852166,0.45049865454873544,-0.1940200307065556,-0.05409423002988829,-0.40318480674565826,0.030590472172255016,0.13675826749376516,0.4393261022564385,0.10425659155553695,0.06550322444063582,-0.38648391431047113,0.06100084013788281,-0.20833842145780768
0.3550728556833071,1.0339853049358372,0.08584041829016725,-0.10258234498353559,0.9943799135690664,-0.016814934402806663,0.020067585033685924,0.4504429604934305,-0.19419032942586095,-0.05411200870539713,-0.40335334961699393,0.030816441388676865,0.13640465721340492,0.4391757318163477,0.10408527348905508,0.06548919882034489,-0.386459017398192,0.06097338303657132,-0.2084053481792212
0.3550573125524837,1.033983464627734,0.08584205495466245,-0.10258529285441037,0.9943802151451311,-0.01684076598739375,0.020015844195424105,0.45043473906516474,-0.1942725735325611,-0.05416044089558033,-0.4034119340156784,0.030796006244235476,0.13649462403544912,0.4392522257444378,0.1040166223890405,0.0654998135240907,-0.3866235819948366,0.060977158491091574,-0.20835735064561492
0.3550350642159755,1.0339803743537412,0.08586897107348775,-0.10263911770520015,0.9943763307169727,-0.016830097650625132,0.01994172107963983,0.45052102088552043,-0.1943290979777149,-0.05441020721895123,-0.4034322631073439,0.030647112312943724,0.13642153289179054,0.43934385001223397,0.10395199764007604,0.06525436500173676,-0.3865857315801793,0.06101600390735865,-0.20817223641416757
0.355044766766371,1.0339706337889685,0.08585151842054056,-0.10259888902830175,0.9943823145060511,-0.016801721989599953,0.01987417183007189,0.45047299357364823,-0.19426825046503418,-0.05451656565306242,-0.4035749975882397,0.03077523877778903,0.1362810477913267,0.43941411120285634,0.10400589661497314,0.06490237249212032,-0.3867526987975917,0.06088586712810788,-0.2082626987607951
0.3550116017026169,1.033960051540304,0.0858647182611277,-0.10263568914937253,0.9943801339350319,-0.016753179123099336,0.0198342012052632,0.4505129455577795,-0.19419435554648895,-0.05461722497801015,-0.403659714234056,0.030815046626350248,0.13637293491839664,0.43955295830214003,0.10408044927254163,0.06474273506443495,-0.38694272421074216,0.06113329398349567,-0.2081660006063342
0.3549166062446738,1.0339735003393828,0.08589987042029779,-0.1026766157197302,0.9943773048259659,-0.016698477873688278,0.019810327309083782,0.4503295516000203,-0.19412435079166118,-0.05466058010505284,-0.40337613159593283,0.03075401852472064,0.13642721448588865,0.4395531357430931,0.10414409288466174,0.06492908608183796,-0.3869653220522361,0.06125270175164845,-0.20830269513832714
0.35487489020731744,1.0339718289905415,0.08590842158989462,-0.1026624537515158,0.9943792794786713,-0.01671782564024992,0.01976824319605842,0.45043757082121877,-0.1941977610453666,-0.054694036231999525,-0.4037701193781978,0.030867857504438788,0.13619996878215654,0.4394666416426418,0.10406154257343626,0.06485825191319175,-0.3868818997611592,0.06127706579549769,-0.20822317936287132
0.3548446998398767,1.0339668368451018,0.08588148477881377,-0.10268661589455737,0.9943785402968751,-0.016677145556168355,0.01971421642566421,0.4504293478590124,-0.1941098510366961,-0.05489307536341744,-0.4037540028599566,0.03086730370850242,0.1363488315697202,0.43953835557885385,0.10416721462457434,0.0647863293944697,-0.3869370127944544,0.06114448484710027,-0.20850356783890311
0.35476317780442806,1.0339837465051536,0.08590743181937259,-0.10262909040300286,0.9943833803815256,-0.016741445327637917,0.019715137138861905,0.45028934145417593,-0.19429767050114718,-0.05483980671519369,-0.4038928473604134,0.03095575119900165,0.1361565418594983,0.4392136322434438,0.10399270210070333,0.06488454006566803,-0.3867507524872326,0.06132758807620687,-0.20833890842482955
0.35470483996327773,1.033979753029586,0.08589499848420415,-0.1026475298108882,0.9943819574871618,-0.016737978802491407,0.019693839476608826,0.45027083943017027,-0.19430745188715579,-0.05492484517252183,-0.4039697870325125,0.031250564321729346,0.13556220020494322,0.4392006607462321,0.1039867709162443,0.06456747480280786,-0.386744811927904,0.0613613172224171,-0.208154466065206
0.3546176888880204,1.0339932678944743,0.08588951022761027,-0.10261260458484228,0.9943856501975453,-0.016748406253366925,0.019680522083825955,0.4501836120346026,-0.19432467613291052,-0.054978809485826396,-0.4041129663210511,0.031210157235623374,0.135838953380439,0.43896315260512525,0.1039740913557451,0.06484747663065145,-0.3866432055931159,0.06150031651032487,-0.20817508016999303
0.3545789305087146,1.0339956891851496,0.08588070541395225,-0.10257869484843045,0.9943889342844858,-0.01679444543882251,0.01965210772816743,0.4500770573570664,-0.19441546264117512,-0.05482443769316684,-0.4042043914537971,0.031356641953848026,0.13587517404342603,0.43882877065874787,0.10385737742332148,0.06460888747406182,-0.38659904836252496,0.061499535963801574,-0.20818070832504157
0.35451045081469507,1.0339892216009763,0.08586371342217712,-0.10262464317963688,0.9943848516382229,-0.01678665348937537,0.019625435264200238,0.450078497850836,-0.19439346783323105,-0.054924779637901704,-0.404181749508788,0.03144668726672087,0.13592813294872386,0.43879706095350995,0.1038851534069207,0.06479096911473319,-0.3864610762262024,0.06156929444618779,-0.2082263015098487
0.3544234253681449,1.0339908049464515,0.08585257586693464,-0.10262224799067465,0.9943847404074954,-0.016826957960843793,0.019609073100032657,0.4502483071673588,-0.19449731491150712,-0.055026066938864276,-0.40474355783759763,0.031628595424367204,0.13578627961670645,0.43860518153952527,0.10378277177095223,0.0647193762651266,-0.3863244107770969,0.06166444037937148,-0.20817389679435233
0.3543573979239263,1.033989793851156,0.08583723777379981,-0.10261442237047924,0.994386057015073,-0.016833747093528355,0.01957740775434327,0.4501755233986832,-0.19451278838860192,-0.055319964744854656,-0.4047227843064722,0.0317150906774404,0.13585938193009234,0.4385794213690732,0.10377065185876554,0.06454899761842528,-0.3864302772935737,0.06169225319748764,-0.20804904839291802
0.35430599387579903,1.033983894182225,0.08583570875101519,-0.10256151832130977,0.9943928942520017,-0.016829681055760003,0.01951073182420835,0.4502065008751155,-0.19457047996492635,-0.05535115554941864,-0.4052479028938529,0.03199085907365589,0.13593691142864317,0.43848454736704884,0.10375176203476265,0.06468878709695032,-0.38655170604942696,0.06185610747741588,-0.20824022638989562
0.3542301421965547,1.0339866972236276,0.085821217494191,-0.10258138287048042,0.9943920493642832,-0.01684035301633016,0.019440024685325772,0.4503080781391533,-0.1946180586384568,-0.05513886282955398,-0.40562642931798243,0.03217343120999445,0.13599330219321956,0.4384369421653209,0.10370758167499777,0.06463246253833257,-0.38644847452333386,0.0619165105982848,-0.20819961649756621
0.3541786182148899,1.0339750122079752,0.08581935724678401,-0.10254516002918428,0.9943971066282119,-0.016816993529706864,0.019392607164878922,0.4503094138540845,-0.194619271097321,-0.05533133074865586,-0.40594872941240423,0.032210998818202954,0.13614977965111968,0.43843122310481647,0.10374312698659739,0.06448000080222814,-0.3866739572720836,0.06198261748704079,-0.2082374476166015
0.35409447192160626,1.0339645519927338,0.08580086304850609,-0.10253749420332382,0.9943993378242989,-0.01681104722351325,0.019323765377071374,0.45033697675225054,-0.19462360929454034,-0.05545719386101577,-0.4062523476886263,0.03245232902461204,0.13619569823341815,0.43838873978862175,0.10369777444631995,0.06399090133146591,-0.38674615071332924,0.06213419075433819,-0.20798356605262783
0.3540430825233068,1.0339555981799424,0.08579975706436631,-0.10245130953166634,0.9944095272354624,-0.016818460410562657,0.019249953454726024,0.45029421703947087,-0.19475038889489613,-0.05570391413925744,-0.4067660141877704,0.0327403206924252,0.13659303560506478,0.43828820342230485,0.10363949545149236,0.06385590725723508,-0.3870358918798598,0.06233175062102904,-0.2079226408971434
0.3539930181642731,1.0339637587139665,0.08577590876755475,-0.10237774478244058,0.994419219679147,-0.016795684520319706,0.01916032065158184,0.45017816283736484,-0.19475530392351012,-0.05589653503656948,-0.40704305252984957,0.03289294277115322,0.13691683019916834,0.4381885356692535,0.10366058096722212,0.06387466362695421,-0.38716940617704537,0.06238805762413144,-0.20799796439090226
0.3539194438984744,1.0339640726188708,0.08578132789245746,-0.10238208906465772,0.9944210252494494,-0.016756721817142706,0.019077333527861482,0.4500021527910694,-0.194700002655875,-0.05609120923220571,-0.406919830048468,0.03309234840660853,0.13696920938117166,0.4382056438076282,0.10366855079477787,0.06351327831411714,-0.3872803305408378,0.06246620806087407,-0.20780118098897274
0.35388084606128783,1.0339455189192481,0.08576716698821825,-0.10234905134605281,0.9944284084483991,-0.016677156646585367,0.018938970551013654,0.44996054764523014,-0.19458939456172222,-0.05627095806353542,-0.4072542856631008,0.033214544321576764,0.1368216767615659,0.43827451445894955,0.10379150653396906,0.06338296282093164,-0.3875143970470688,0.06249188899259743,-0.20785170476315354
0.35384230677674605,1.033941553770437,0.08576299343442977,-0.10227638383048224,0.9944387577704655,-0.016620134781829735,0.018837979571255912,0.4498869128467316,-0.1945396246215544,-0.05641528624206139,-0.4076197068959477,0.03342670950423019,0.13680581861921787,0.438210299023251,0.10387299828103247,0.0631602907237832,-0.3877177972573066,0.06265928468746759,-0.20801829914555023
0.3537713438077421,1.0339400798261191,0.0857480150994063,-0.10229796335029703,0.9944375093116496,-0.016603094393393542,0.018801702715130132,0.4499640160007962,-0.19450702702573386,-0.05634949681962296,-0.4079485042373963,0.033548466429089874,0.13681668161121638,0.4381609935478469,0.10389221561030572,0.0628788621066669,-0.3876732178371226,0.06274959797917656,-0.2078534741515448
0.35370833491124726,1.0339324389308295,0.08573410555046188,-0.10222979257852044,0.9944468171908049,-0.01659259378102926,0.01868911769047364,0.44977973966612905,-0.19453367184932263,-0.05677069346711682,-0.4081215927863337,0.03381809818709101,0.13678454174283816,0.4381346951918073,0.1038395994137897,0.06261744787060818,-0.3879839627737841,0.06299995177452498,-0.20771454815217327
0.353650767260745,1.033933413570013,0.08571186542370395,-0.10224738463577447,0.9944466673280676,-0.01657819672223586,0.018613478145749533,0.44981808379357746,-0.1945269013241827,-0.0568545905463501,-0.40832563448441,0.033932752547111415,0.13695967133444079,0.43819938090309013,0.10385517896606887,0.06270368061445826,-0.3880713082928704,0.06305376873693246,-0.20779607093379537
0.353610895777455,1.0339205834640701,0.08572504044474354,-0.10220316825705048,0.9944529664231084,-0.016593156511569382,0.018506137562540242,0.4497487865514033,-0.19464312797976024,-0.05706781636428101,-0.40859176127672814,0.03403534501259168,0.13697594771465388,0.43819726479172294,0.10374613649196546,0.062210407997030634,-0.3882164468537487,0.06304879198527676,-0.2077719980117003
0.35354790719537166,1.0339146625392825,0.08571502564014755,-0.10222897753829752,0.9944520454068944,-0.01657341465520176,0.018430612148949276,0.44975045538816244,-0.19462219951004767,-0.05701557536925364,-0.4087048342619895,0.03409666901835133,0.1368717393274425,0.43818115945281766,0.10376699728742549,0.06223244693497922,-0.38818227612721135,0.06312606748753989,-0.20762854300829234
0.3534798206287328,1.0339214052717771,0.08568751154528992,-0.10221524270260693,0.994454544673122,-0.016560613205941394,0.018383384575853357,0.4496678043905001,-0.19460565764713392,-0.05713098353816998,-0.4087809643097593,0.03415993479272058,0.13686369587393188,0.4381176189416855,0.10379857985030576,0.06239364963513271,-0.38823909681247076,0.06325072458676269,-0.2076565280204058
0.3534070556391505,1.0339304696839466,0.0856791760065985,-0.1021621465005197,0.9944595996284589,-0.016595282077129316,0.018373816750800024,0.449506163533668,-0.19470757618806195,-0.05715913773647183,-0.40886836212618377,0.034388678416543104,0.1368430170154433,0.43784312381406204,0.1037301917533495,0.06247015594912295,-0.38810755632842636,0.06327202441413234,-0.20795810685180846
0.35332045135011275,1.0339404110023263,0.08564705222605518,-0.10223918591335131,0.9944525905362736,-0.016610645689481566,0.01831066599685542,0.44956651789389335,-0.19473779339843225,-0.05722085314266413,-0.40892095804851214,0.03446462315971743,0.13675687973415546,0.4378976891702003,0.10371020204600427,0.062412291002855634,-0.38802799161902035,0.06325610325170185,-0.2080200838864941
0.3532896944661997,1.0339364768260508,0.08563680132206038,-0.10219356532422598,0.9944573107981339,-0.016609499701719977,0.018310017097902382,0.4494560139682682,-0.1947391778235968,-0.057282863203996,-0.40898510613173156,0.03448453883317918,0.13688528285471455,0.43772098762101247,0.10369909015542775,0.06207191414396298,-0.38793384053551605,0.06323824443535714,-0.2079499083980617
0.3532639771874179,1.033932230979408,0.08560788691158121,-0.10220589915109211,0.9944569474295356,-0.016638139129454027,0.01823475292279728,0.44939900005820377,-0.19480123524218207,-0.0574018846946091,-0.40895889495043725,0.034645750533547834,0.1369724054024597,0.4377646697346394,0.10366422995530936,0.06206391675015907,-0.3879610557921993,0.06317877521380971,-0.20807491341778037
0.3531736704482494,1.033934296621121,0.0856005345751716,-0.10224980915411766,0.9944532720166369,-0.01663389210525897,0.018192854003199966,0.4493357618434695,-0.1948217449099708,-0.05754935860316675,-0.40889570274390186,0.03468394408442544,0.13707553734318464,0.43770900068003854,0.10365721655400886,0.06199676652635551,-0.3878498072614287,0.06329545479566757,-0.2079828644668318
0.35311142431535114,1.0339442370602525,0.08558254095246415,-0.10226238522918239,0.9944512769339997,-0.016709442837439553,0.018161962769431488,0.44927222433360947,-0.19497037458557862,-0.05757520237695483,-0.40884061224696444,0.03484890615090097,0.13687910953992877,0.43761758722631366,0.10347717613372286,0.06176538989517559,-0.38778204706059066,0.06320229973585502,-0.20788310387194084
0.3530982082130756,1.0339236481010454,0.085538638036302,-0.10238051184499847,0.9944417214577119,-0.01664373934173269,0.018079805289414438,0.4494698956145108,-0.1947951697903813,-0.05776189603789032,-0.40886970009579593,0.03493705304118842,0.13634364413528485,0.4379127793431009,0.10365197893289964,0.06198376824452727,-0.3877800551842831,0.06336109049992317,-0.20831887150089132
0.35302661091430154,1.0339322693101596,0.08554728266714286,-0.10241835580338468,0.9944378785017908,-0.016671133220366282,0.018051579225587085,0.4494089905426323,-0.19488402389109083,-0.05773319055527483,-0.40879132631943815,0.03498567802102909,0.1364200746993043,0.4378398311356686,0.10354630862963711,0.0615316811341136,-0.38765402005359295,0.0632891188011269,-0.20826019301126877
0.35296358682114043,1.0339339010666544,0.0855445952093647,-0.10244364527441428,0.994436514517462,-0.016644265491875497,0.018007958337562784,0.44933633860224087,-0.19483233627317395,-0.057894530001472495,-0.4087131091380054,0.034886572852028265,0.13633457342623656,0.4377704488505874,0.10358769365655189,0.06161306698666069,-0.38748987614441815,0.06338339338726148,-0.20812044887062428
0.3529455394157468,1.0339303052740638,0.08552669614825259,-0.10250542610361975,0.9944337262848814,-0.016530660769809115,0.017914767679057992,0.44939187603453307,-0.19464486062349423,-0.05805279685168239,-0.4087441765991884,0.03488042999129814,0.13650135574650157,0.4379760602114997,0.10379936043340227,0.06156015204562363,-0.3875936547313928,0.06342160614308555,-0.20816855472903176
0.35291178673530965,1.0339300206660087,0.08550826925411555,-0.10255159467401688,0.9944299683764175,-0.016521343807001643,0.017867669783840932,0.4494251044110701,-0.19461306219195323,-0.05822834938061838,-0.40873214039102596,0.03498233211882158,0.13617810964786692,0.4381017745178163,0.10379583567171519,0.061114327490524846,-0.38771386421543697,0.06347469198273234,-0.20789475516260017
0.35288364215353824,1.03393634827236,0.08550477908136124,-0.10256816012141011,0.9944282081205938,-0.016542226793475515,0.017851222817695772,0.44941019236419966,-0.19466378193575168,-0.05827255419641169,-0.4086964879759388,0.034976354690579275,0.13600635010464268,0.43804452280414974,0.10373847100925625,0.061078993893579715,-0.3875760981175282,0.06331954335373963,-0.207954793309546
0.35282062232093697,1.0339367167147147,0.08548121073006916,-0.10257153866443455,0.9944278894032037,-0.01651944065337183,0.017870655097110544,0.4493103431073706,-0.19458253649192275,-0.05832689719234919,-0.4086017912628404,0.03498997087960914,0.13585028688296621,0.4379434134692033,0.10381255017142749,0.06109766279831743,-0.38753445817811394,0.06336465987472033,-0.20806323997842346
0.35280167174789284,1.033929883719088,0.08546680074556304,-0.10263463210885915,0.9944219870118034,-0.016496559450525222,0.017857983247590244,0.4494007802412742,-0.19449465020530665,-0.05823050712073078,-0.40859958815124237,0.035029445806031824,0.13568549947421496,0.4380753430431274,0.10389661079208111,0.06126841155545643,-0.38753045637198485,0.06330992123105225,-0.20798382018201897
0.3528078060595182,1.0339189459617404,0.08544117319740228,-0.10266676929681207,0.9944202035172259,-0.01643583816732468,0.01782853170206436,0.44945074500043886,-0.19436155124731216,-0.058295814208573715,-0.40864668526331277,0.034977686615369964,0.1355489584153215,0.4381144682440865,0.10404215125622755,0.06127118806091477,-0.387378120433397,0.06342838062674686,-0.20818156950486474
0.35275242968145304,1.0339227166555212,0.0854441429900461,-0.10277944676623485,0.9944080643459674,-0.01647364907105685,0.017821497479631437,0.4495596942580702,-0.19441322201829478,-0.05830259035092889,-0.40844759964104177,0.034996041225431485,0.13542595801416082,0.43825185938938677,0.1039760943988639,0.0615451155757811,-0.3873375283427616,0.06353394389081142,-0.20835680708890852
0.3527240707398055,1.03393339764171,0.08543234424194332,-0.10282029988435822,0.9944029339250466,-0.016483158903619153,0.017863269731718565,0.4496498362427848,-0.1943857713548175,-0.05816935393494275,-0.4084385086181964,0.03487928187468356,0.1352186072272658,0.43822351132912146,0.1039677465506231,0.06148694119071183,-0.387220326383436,0.06341175715994876,-0.2083218466063343
0.35269136055849337,1.0339214362623907,0.08541395920656221,-0.1028721058269983,0.9943976710224842,-0.016482315399900475,0.017858750987578338,0.4496696867584132,-0.19435365578398578,-0.05816379148670237,-0.4083614829083687,0.03482949471107391,0.1351916184318532,0.4382582411995725,0.10400974140647154,0.061678139623771645,-0.3870875936146599,0.06333892124471176,-0.20849388993439188
0.3526842821963263,1.0339245706807954,0.08540108873651084,-0.10291578944008674,0.9943929945123821,-0.016511034640520825,0.01784092160514375,0.44967152952085243,-0.1944109677434402,-0.058236469819414265,-0.4081881637344352,0.0347594269643989,0.13529405730965915,0.4382938965349514,0.10394176734245586,0.061285315873510715,-0.38706303826154825,0.06336687156905799,-0.20818367624628187
0.35264961204316553,1.033926210768205,0.08539936547500267,-0.10295674397160505,0.9943892056309186,-0.01648188005025641,0.017842763953072265,0.4496952642577796,-0.19434409164997707,-0.05810592855041391,-0.4082146327522826,0.034788258784199194,0.13537488205719683,0.4383447058024108,0.10400305220402717,0.061465964620624064,-0.38707870956867724,0.06336175810792621,-0.20831629565136325
0.3526088509710832,1.033928096500519,0.08538136864078043,-0.10300588835031242,0.9943831664928395,-0.01653200640684372,0.01784931161139422,0.4497438884924112,-0.1944303005146209,-0.05834056347056883,-0.4081133274782254,0.034915394246686736,0.13516879522338154,0.43836537422473815,0.10391663658330118,0.061430382800407406,-0.3869686523446821,0.06338466454046562,-0.20835815418707185
0.3526132422441861,1.0339257357704588,0.08536952011580196,-0.10302201588292925,0.9943833646187598,-0.01648240441316266,0.017790974050144705,0.4497182344999193,-0.19432153932606297,-0.058282922540223936,-0.40807357025880064,0.03491014895944219,0.13520219811195874,0.43847764482586477,0.1040310403616801,0.06158111296489012,-0.3870336151329962,0.0633607008788926,-0.20858922366819496
0.35255567409246,1.0339338972002725,0.08537424268803884,-0.10310183752908017,0.9943739809067553,-0.016514391101605654,0.017823357717396123,0.44979456708735455,-0.19438690325339025,-0.058223651113908294,-0.4079424106687385,0.03485203423333488,0.13505363881453902,0.43844973323297504,0.10397348753144027,0.061517556298475246,-0.3868003959255132,0.06323824645509665,-0.20863346233006036
0.3525486782027852,1.0339368286876323,0.08535680754906223,-0.10314861479597509,0.9943708840835102,-0.016487803383131237,0.017749943443549708,0.4497973340429765,-0.1943362050467104,-0.058456847409095986,-0.4078204332690778,0.03502656584791694,0.1344426996254358,0.43855881445990474,0.10398551960653106,0.061054676913960514,-0.38678528674727214,0.06316420618328288,-0.20830477754467802
0.3525156909656676,1.033928925828043,0.08536022667370419,-0.10320651678825385,0.9943657712965637,-0.016452300076519853,0.01773272648010087,0.4498615243000259,-0.19427667385354458,-0.05843753839694125,-0.4078473603341433,0.03485514914869061,0.13460110008904153,0.43865936541327033,0.10406749601644356,0.06128587182016421,-0.38674090525702,0.06315472818041999,-0.20862119963202297
0.35247345284234605,1.0339395775677842,0.08536944071414466,-0.10326045606273561,0.99436008607847,-0.0164590862078112,0.017731212844512043,0.44989084545194474,-0.19431824342002235,-0.05843040634702888,-0.4077836946677019,0.0348500226248073,0.13484127990442596,0.43865081586244914,0.1040547108894415,0.061343830075038894,-0.3865668187387545,0.063185340190198,-0.20883850407765883
0.35246911309013956,1.033940276844844,0.08534942650530201,-0.10327715547192712,0.9943595514540831,-0.016448627091314488,0.01767354679946616,0.44986841437850483,-0.1942776311002423,-0.058521681501024506,-0.4077056025140996,0.034908880600244024,0.13460190450436915,0.43865392386428703,0.10408328456655748,0.061435323311745504,-0.3864756208521047,0.0632564711589125,-0.20893831131184942
0.35242477373057457,1.0339476003751236,0.08536969569412346,-0.10332941284636737,0.9943542787563843,-0.016453808831944167,0.017659924536011076,0.4498679767506045,-0.19431455002560316,-0.058691532905644946,-0.4076074064745818,0.034780648561515096,0.13447355784536152,0.43867348425622016,0.10403129052079219,0.06125677468073446,-0.38640076153178843,0.0631717354737399,-0.20890793441525193
0.3523974277115664,1.0339536138589671,0.08537223787778636,-0.10333048660384014,0.9943548344339291,-0.016432334869709023,0.017642339607219545,0.4498245297424858,-0.1942715488706786,-0.058826643706595676,-0.40756565366678305,0.03482240236405277,0.13382865360789506,0.4385746149678098,0.10405259999670821,0.06115065786560601,-0.3862274451193719,0.06314863970451848,-0.20877416123985398
0.35236559279902036,1.0339535548102385,0.08538357647935298,-0.10337250803342339,0.9943496582549729,-0.016505935708800334,0.017619188331915905,0.4498869743709091,-0.19444084006664145,-0.05860387485188884,-0.4075853281399376,0.034779578856793864,0.13419200642898535,0.4385353124222491,0.10386827799389332,0.06110947133200226,-0.38604371176057206,0.06304513560744462,-0.2089379878847532
0.3523438697979907,1.0339609037590307,0.0853648299197614,-0.1034165629854186,0.9943449456099216,-0.016507548074858835,0.01762510983912679,0.4499923985934034,-0.19441929933525492,-0.05866014655485643,-0.4076468093572574,0.03463469861787877,0.134272446001439,0.438504603608634,0.10389282754834794,0.06126726493866073,-0.38585336964477607,0.06308975398799768,-0.208852311475633
0.352297038214146,1.0339697967152754,0.08536769780772187,-0.10341309347721463,0.9943445453204188,-0.01654859029505468,0.017629561771316648,0.4499049551660362,-0.1944959955549562,-0.05853993916649394,-0.40758826983789437,0.03477919544691376,0.13440018194350503,0.4384200826497026,0.1038124461287424,0.06142349756243194,-0.38582349559850715,0.06313076723183693,-0.20887036520999605
0.35229569422110224,1.0339713486895632,0.08535126201680233,-0.1034526447752028,0.9943417773875977,-0.016517626433265944,0.017582606396656097,0.45004672524138406,-0.19444533412349818,-0.058740297657648044,-0.4077217280118458,0.03474963768879645,0.13428362763265878,0.4384252249204488,0.10387300182662969,0.061458305371711194,-0.38560776706386235,0.06304188562584098,-0.2090575526367062
0.3522824828471291,1.0339695620627856,0.08533754386859362,-0.10347097755842533,0.9943397153078869,-0.01653623112602195,0.017573856283724727,0.450112285381663,-0.19444472129623583,-0.058589010070184744,-0.4078320305436612,0.03467709338875512,0.13412697718571273,0.4383628590140168,0.10383621340466259,0.06155900778777673,-0.38543840157152326,0.06300648048991951,-0.2090697353059087
0.35225508592451166,1.0339656386682612,0.085334239054597,-0.1035103417274654,0.9943358579139202,-0.01651550284685927,0.017579789184375322,0.450214843860456,-0.19439656538806208,-0.05849051486383198,-0.4079461052554841,0.03467044186620941,0.13417346286306842,0.43840489571175667,0.10388724916217525,0.061295225085839095,-0.3854237004245725,0.06303744990688613,-0.20883087601973896
0.35221772698852294,1.033970367267305,0.08530892859801516,-0.1034811099685186,0.9943380947206665,-0.016592407843314155,0.01755292764524684,0.45011890394740844,-0.1945446199351337,-0.05857339472622536,-0.4079716393216677,0.03485545082466882,0.13416090225623234,0.4382415351360104,0.10374168176534576,0.06133537554665258,-0.38532489995234986,0.063025258623963,-0.2089610863346896
0.3522076776223591,1.0339731956960605,0.08530008397310353,-0.10354804827162421,0.9943317029664362,-0.016607890299333433,0.017505546401332766,0.45031133780989097,-0.1945882211662179,-0.058738358089835664,-0.40809974075528105,0.034771475220467196,0.13409336216459775,0.43838323285153435,0.10369093259468697,0.061082252368489215,-0.38534162372449127,0.06301630224962856,-0.20890659753953825
0.35216705348057115,1.0339783179249802,0.08527729337582113,-0.10360793143783122,0.9943253377233603,-0.016631930280724648,0.017489945672766308,0.4503763695439551,-0.19461936941155716,-0.0587487134432655,-0.4080568799760378,0.034797816977620154,0.13408404357286088,0.43839856943748323,0.10365625829625238,0.06115070477013898,-0.38517465941335877,0.062820400073003,-0.20892400042122744
0.3521688729789816,1.0339649339859205,0.08528144591595992,-0.10360758111616236,0.9943270398975319,-0.016606411801790524,0.017419355640758857,0.45040722685732865,-0.19459410461139148,-0.058791476681759366,-0.40822395115136884,0.034843210887273476,0.13416608405244163,0.4384257516520873,0.10369642492569557,0.061083149480891843,-0.3851561361319408,0.06279573460958189,-0.2088515050098958
0.35211748888293815,1.0339657704230516,0.08528130976883691,-0.10367604721519183,0.9943206912025567,-0.016590515427277578,0.017389510578517887,0.45053220892690365,-0.19460169655100718,-0.05888448700847933,-0.4083125199188894,0.03481464517373943,0.13433834568159242,0.4384594750083077,0.10371730440306051,0.06127226704909273,-0.3849941852126654,0.0627796822051103,-0.20902741766883465
0.35207635210760835,1.0339702240143198,0.08527035612750108,-0.10370427225342536,0.9943179366995657,-0.016642735436907,0.017328705407013083,0.45052955459439936,-0.19473422764715298,-0.05892754166383805,-0.40833630857062414,0.034954311034663,0.13447323494947663,0.43842963315698713,0.10358722106742732,0.061431534416809444,-0.3848776796669974,0.06284119044134524,-0.20931232664472446
0.352055673632194,1.0339652497569631,0.08526611029880442,-0.10370940173385691,0.9943178462004447,-0.016676992275075766,0.017270166414114406,0.4505318652605262,-0.19485680439828543,-0.05907770331970799,-0.4084451863218186,0.035220709079790066,0.1341587446372842,0.4384471483211324,0.10347904604362837,0.06115423186353552,-0.38486486249681423,0.06291644571213442,-0.20912993389333548
0.3520296476335248,1.0339621496141347,0.08526251342609763,-0.1037700367088896,0.9943123590463856,-0.016701721615357813,0.017197808701409276,0.4506784672619114,-0.19490098828168922,-0.05921566199014141,-0.4085559389463091,0.034873047763015474,0.13404266701472578,0.4385566627235134,0.10340051278454784,0.06082282001370285,-0.38487061077332924,0.06287173812526894,-0.2090560565842517
0.352009997817016,1.0339553375273074,0.0852709163230592,-0.10378022684730982,0.9943119970013683,-0.01670427334892261,0.01715471907541448,0.4507089952817987,-0.19495278918698725,-0.05929532009710005,-0.4086563705003427,0.03501767503211935,0.13404325300030476,0.43851962870544176,0.10336266587451484,0.06095063806559264,-0.38472488292556095,0.06279045126818995,-0.20911416005661054
0.35198499830248414,1.0339623974516345,0.08525970550257582,-0.10375624380990005,0.9943160163951885,-0.016674388041515546,0.017095794626304905,0.45069571706903255,-0.19490969730412114,-0.05922618057697441,-0.40887786656470276,0.03498454231999758,0.13395222018209685,0.43849600905607006,0.1034074275978363,0.06064352691599354,-0.3848543653756969,0.06285972642794375,-0.20896971185007185
0.3519426143121049,1.0339660305325005,0.08526073571461791,-0.10376176773057488,0.9943158480979603,-0.016699262695425245,0.017047709643506246,0.45064750723764085,-0.1950043337139381,-0.059402595186194666,-0.4088536869615349,0.03503080897556719,0.13385618702163976,0.4383956945116721,0.10333129180546662,0.060712753449107655,-0.3846545735768152,0.06286109716272696,-0.20922740428394315
